,date,open,close,volume
0,2018-10-22 00:00:00-04:00,52.62506552285122,52.83097839355469,115168400
1,2018-10-23 00:00:00-04:00,51.67692070598336,53.329010009765625,155071200
2,2018-10-24 00:00:00-04:00,53.29787632966502,51.49972915649414,163702000
3,2018-10-25 00:00:00-04:00,52.12704556550527,52.62746047973633,119423200
4,2018-10-26 00:00:00-04:00,51.69366841983231,51.78944396972656,189033600
5,2018-10-29 00:00:00-04:00,52.48140995645133,50.81734848022461,183742000
6,2018-10-30 00:00:00-04:00,50.556363886706166,51.07114791870117,146640000
7,2018-10-31 00:00:00-04:00,51.9283237990026,52.40240097045898,153435600
8,2018-11-01 00:00:00-04:00,52.447897952222746,53.20690155029297,233292800
9,2018-11-02 00:00:00-04:00,50.17326788125795,49.67763900756836,365314800
10,2018-11-05 00:00:00-05:00,48.91624976883428,48.26738357543945,264654800
11,2018-11-06 00:00:00-05:00,48.34638775754057,48.78934097290039,127531600
12,2018-11-07 00:00:00-05:00,49.31609903375949,50.26904296875,133697600
13,2018-11-08 00:00:00-05:00,50.451649036280976,50.09365081787109,101450400
14,2018-11-09 00:00:00-05:00,49.38725641967282,49.12776565551758,137463200
15,2018-11-12 00:00:00-05:00,47.813502716083335,46.65300369262695,204542000
16,2018-11-13 00:00:00-05:00,46.04272290249609,46.18688201904297,187531600
17,2018-11-14 00:00:00-05:00,46.58812387123257,44.88221740722656,243204000
18,2018-11-15 00:00:00-05:00,45.26424759570289,45.98986053466797,185915200
19,2018-11-16 00:00:00-05:00,45.77121887669829,46.49923324584961,147713200
20,2018-11-19 00:00:00-05:00,45.651081140125285,44.656368255615234,167701200
21,2018-11-20 00:00:00-05:00,42.85675493733317,42.52278137207031,271300800
22,2018-11-21 00:00:00-05:00,43.18351225852508,42.4747200012207,124496800
23,2018-11-23 00:00:00-05:00,42.03263447120329,41.39591979980469,94496000
24,2018-11-26 00:00:00-05:00,41.86444602642915,41.95574569702149,179994000
25,2018-11-27 00:00:00-05:00,41.20850439340853,41.86444091796875,165549600
26,2018-11-28 00:00:00-05:00,42.46270976552468,43.4742431640625,184250000
27,2018-11-29 00:00:00-05:00,43.88750645969541,43.1402702331543,167080000
28,2018-11-30 00:00:00-05:00,43.318057426922174,42.90719985961914,158126000
29,2018-12-03 00:00:00-05:00,44.31997816477849,44.40647506713867,163210000
30,2018-12-04 00:00:00-05:00,43.47664605485561,42.453102111816406,165377200
31,2018-12-06 00:00:00-05:00,41.26856955379779,41.979766845703125,172393600
32,2018-12-07 00:00:00-05:00,41.68423900030457,40.48289489746094,169126400
33,2018-12-10 00:00:00-05:00,39.64436125235787,40.74959945678711,248104000
34,2018-12-11 00:00:00-05:00,41.24454714017996,40.51653289794922,189126800
35,2018-12-12 00:00:00-05:00,40.94180976163758,40.62946319580078,142510800
36,2018-12-13 00:00:00-05:00,40.96343773219003,41.07395935058594,127594400
37,2018-12-14 00:00:00-05:00,40.60543283629158,39.75968551635742,162814800
38,2018-12-17 00:00:00-05:00,39.75247592762395,39.3896713256836,177151600
39,2018-12-18 00:00:00-05:00,39.73565361525514,39.90143966674805,135366000
40,2018-12-19 00:00:00-05:00,39.88463055170163,38.656856536865234,196189200
41,2018-12-20 00:00:00-05:00,38.53911999388356,37.68136215209961,259092000
42,2018-12-21 00:00:00-05:00,37.6885702888428,36.21572113037109,382978400
43,2018-12-24 00:00:00-05:00,35.595828049466824,35.2786750793457,148676800
44,2018-12-26 00:00:00-05:00,35.631874013449085,37.76305770874024,234330000
45,2018-12-27 00:00:00-05:00,37.44349210575656,37.517974853515625,212468400
46,2018-12-28 00:00:00-05:00,37.84233954415453,37.53719711303711,169165600
47,2018-12-31 00:00:00-05:00,38.08981993081785,37.90000915527344,140014000
48,2019-01-02 00:00:00-05:00,37.215238313964655,37.94325256347656,148158800
49,2019-01-03 00:00:00-05:00,34.59390944990319,34.1638298034668,365248800
50,2019-01-04 00:00:00-05:00,34.72605547759975,35.622257232666016,234428400
51,2019-01-07 00:00:00-05:00,35.7279806231426,35.542972564697266,219111200
52,2019-01-08 00:00:00-05:00,35.934607142582536,36.22052764892578,164101200
53,2019-01-09 00:00:00-05:00,36.35027672291914,36.83562088012695,180396400
54,2019-01-10 00:00:00-05:00,36.64099982717288,36.95335006713867,143122800
55,2019-01-11 00:00:00-05:00,36.73229176010022,36.59053039550781,108092800
56,2019-01-14 00:00:00-05:00,36.24456281317476,36.04033279418945,129756800
57,2019-01-15 00:00:00-05:00,36.10520434289102,36.777957916259766,114843600
58,2019-01-16 00:00:00-05:00,36.78035656041953,37.22725677490234,122278800
59,2019-01-17 00:00:00-05:00,37.04945605054054,37.44830322265625,119284800
60,2019-01-18 00:00:00-05:00,37.84233993402584,37.678958892822266,135004000
61,2019-01-22 00:00:00-05:00,37.58045004319057,36.83321380615234,121576000
62,2019-01-23 00:00:00-05:00,37.03743471813029,36.98217391967773,92522400
63,2019-01-24 00:00:00-05:00,37.02782868951801,36.68904876708984,101766000
64,2019-01-25 00:00:00-05:00,37.35699542349029,37.9048080444336,134142000
65,2019-01-28 00:00:00-05:00,37.43148427707555,37.55402374267578,104768400
66,2019-01-29 00:00:00-05:00,37.54200732718839,37.1647834777832,166348800
67,2019-01-30 00:00:00-05:00,39.22388436321772,39.70442199707031,244439200
68,2019-01-31 00:00:00-05:00,39.911059653816366,39.99034881591797,162958400
69,2019-02-01 00:00:00-05:00,40.11528613428683,40.00956726074219,130672400
70,2019-02-04 00:00:00-05:00,40.22340660752783,41.14603805541992,125982000
71,2019-02-05 00:00:00-05:00,41.53286842592162,41.85002136230469,144406400
72,2019-02-06 00:00:00-05:00,41.962948348792544,41.86444091796875,112958400
73,2019-02-07 00:00:00-05:00,41.422342697309965,41.07155227661133,126966800
74,2019-02-08 00:00:00-05:00,40.77717125200092,41.119815826416016,95280000
75,2019-02-11 00:00:00-05:00,41.274238598430784,40.883331298828125,83973600
76,2019-02-12 00:00:00-05:00,41.0450090387725,41.235633850097656,89134000
77,2019-02-13 00:00:00-05:00,41.35628574625036,41.06431198120117,89960800
78,2019-02-14 00:00:00-05:00,40.95090903400045,41.21392440795898,87342800
79,2019-02-15 00:00:00-05:00,41.32250941139234,41.12223052978516,98507200
80,2019-02-19 00:00:00-05:00,40.95090329374232,41.24528503417969,75891200
81,2019-02-20 00:00:00-05:00,41.308021173884015,41.51071166992188,104457600
82,2019-02-21 00:00:00-05:00,41.45522374074689,41.27666091918945,68998800
83,2019-02-22 00:00:00-05:00,41.40212774302283,41.73753356933594,75652800
84,2019-02-25 00:00:00-05:00,42.024683535787865,42.04157257080078,87493600
85,2019-02-26 00:00:00-05:00,41.916099968823325,42.065704345703125,68280800
86,2019-02-27 00:00:00-05:00,41.79546407668469,42.19601821899414,111341600
87,2019-02-28 00:00:00-05:00,42.06329110235564,41.78096771240234,112861600
88,2019-03-01 00:00:00-05:00,42.0536452443969,42.22014236450195,103544800
89,2019-03-04 00:00:00-05:00,42.39387490116257,42.4324836730957,109744800
90,2019-03-05 00:00:00-05:00,42.45420399303755,42.35527038574219,78949600
91,2019-03-06 00:00:00-05:00,42.14774661292519,42.11155319213867,83241600
92,2019-03-07 00:00:00-05:00,41.954709119738446,41.62413024902344,99185600
93,2019-03-08 00:00:00-05:00,41.09810385322342,41.72306823730469,95997600
94,2019-03-11 00:00:00-04:00,42.34562147076665,43.16844940185547,128044000
95,2019-03-12 00:00:00-04:00,43.43387439295054,43.65345764160156,129870400
96,2019-03-13 00:00:00-04:00,43.97680040751403,43.84650039672852,124130000
97,2019-03-14 00:00:00-04:00,44.37493232801516,44.33391189575195,94318000
98,2019-03-15 00:00:00-04:00,44.60417420281176,44.910621643066406,156171600
99,2019-03-18 00:00:00-04:00,44.8334214237566,45.36910629272461,104879200
100,2019-03-19 00:00:00-04:00,45.4487222873641,45.00955581665039,126585600
101,2019-03-20 00:00:00-04:00,44.93716823748778,45.40287780761719,124140800
102,2019-03-21 00:00:00-04:00,45.8516990164908,47.0750846862793,204136800
103,2019-03-22 00:00:00-04:00,47.13540352894889,46.1002311706543,169630800
104,2019-03-25 00:00:00-04:00,46.211216221989325,45.54281997680664,175381200
105,2019-03-26 00:00:00-04:00,46.24742627680968,45.072296142578125,199202000
106,2019-03-27 00:00:00-04:00,45.54523607626399,45.4776725769043,119393600
107,2019-03-28 00:00:00-04:00,45.59349981956592,45.53800201416016,83121600
108,2019-03-29 00:00:00-04:00,45.805857419661805,45.83481216430664,94256000
109,2019-04-01 00:00:00-04:00,46.24260591083825,46.146087646484375,111448000
110,2019-04-02 00:00:00-04:00,46.10988186050314,46.816890716552734,91062800
111,2019-04-03 00:00:00-04:00,46.631102500004296,47.13783264160156,93087200
112,2019-04-04 00:00:00-04:00,47.00268850017712,47.2198600769043,76457200
113,2019-04-05 00:00:00-04:00,47.40324960643223,47.53596496582031,74106400
114,2019-04-08 00:00:00-04:00,47.39600191454878,48.28398513793945,103526800
115,2019-04-09 00:00:00-04:00,48.337076938166085,48.13920974731445,143072800
116,2019-04-10 00:00:00-04:00,47.9413521007458,48.40947341918945,86781200
117,2019-04-11 00:00:00-04:00,48.464967322269125,48.00649642944336,83603200
118,2019-04-12 00:00:00-04:00,48.0668232778339,47.9871940612793,111042800
119,2019-04-15 00:00:00-04:00,47.91721926266016,48.07406234741211,70146400
120,2019-04-16 00:00:00-04:00,48.12956241504938,48.078887939453125,102785600
121,2019-04-17 00:00:00-04:00,48.14886927916288,49.01513671875,115627200
122,2019-04-18 00:00:00-04:00,49.01271373878515,49.19127655029297,96783200
123,2019-04-22 00:00:00-04:00,48.94273536436845,49.35294342041016,77758000
124,2019-04-23 00:00:00-04:00,49.328817536775205,50.06478118896485,93292000
125,2019-04-24 00:00:00-04:00,50.03582321073485,49.98756408691406,70162400
126,2019-04-25 00:00:00-04:00,49.90793494157688,49.53392028808594,74172800
127,2019-04-26 00:00:00-04:00,49.44222839979667,49.29745101928711,74596400
128,2019-04-29 00:00:00-04:00,49.321586562891255,49.37226104736328,88818800
129,2019-04-30 00:00:00-04:00,48.99823687588285,48.421531677246094,186139600
130,2019-05-01 00:00:00-04:00,50.64390080188851,50.79833221435547,259309200
131,2019-05-02 00:00:00-04:00,50.634243839450015,50.46774673461914,127985200
132,2019-05-03 00:00:00-04:00,50.887613358296605,51.09513092041016,83569600
133,2019-05-06 00:00:00-04:00,49.29503888951636,50.30608367919922,129772400
134,2019-05-07 00:00:00-04:00,49.67869894595749,48.949974060058594,155054800
135,2019-05-08 00:00:00-04:00,48.718329746212895,48.95962905883789,105358000
136,2019-05-09 00:00:00-04:00,48.3563800185399,48.43359756469727,139634400
137,2019-05-10 00:00:00-04:00,47.8207628341205,47.76262664794922,164834800
138,2019-05-13 00:00:00-04:00,45.46873056391179,44.9866943359375,229722400
139,2019-05-14 00:00:00-04:00,45.15381929563212,45.69883346557617,146118800
140,2019-05-15 00:00:00-04:00,45.11991551472139,46.24627685546875,106178800
141,2019-05-16 00:00:00-04:00,46.0016224954327,46.04280090332031,132125600
142,2019-05-17 00:00:00-04:00,45.27978171454743,45.78119659423828,131516400
143,2019-05-20 00:00:00-04:00,44.4537848329763,44.34962463378906,154449200
144,2019-05-21 00:00:00-04:00,44.86557159871609,45.19984817504883,113459200
145,2019-05-22 00:00:00-04:00,44.729927010752334,44.2745361328125,118994400
146,2019-05-23 00:00:00-04:00,43.55269541957394,43.51878356933594,146118800
147,2019-05-24 00:00:00-04:00,43.64959036325841,43.35165023803711,94858800
148,2019-05-28 00:00:00-04:00,43.3395359205937,43.17239761352539,111792800
149,2019-05-29 00:00:00-04:00,42.73396968758957,42.96651077270508,113924800
150,2019-05-30 00:00:00-04:00,43.1045686593404,43.18935012817383,84873600
151,2019-05-31 00:00:00-04:00,42.68794187915996,42.406959533691406,108174400
152,2019-06-03 00:00:00-04:00,42.53533687991881,41.97821044921875,161584400
153,2019-06-04 00:00:00-04:00,42.496579678564,43.513938903808594,123872000
154,2019-06-05 00:00:00-04:00,44.637883026647685,44.21640396118164,119093600
155,2019-06-06 00:00:00-04:00,44.34721245716506,44.86558151245117,90105200
156,2019-06-07 00:00:00-04:00,45.17804545987716,46.059757232666016,122737600
157,2019-06-10 00:00:00-04:00,46.46185943898555,46.64837646484375,104883600
158,2019-06-11 00:00:00-04:00,47.20065357860878,47.18854141235352,107731600
159,2019-06-12 00:00:00-04:00,46.98023203568747,47.038368225097656,73012800
160,2019-06-13 00:00:00-04:00,47.1618977056931,47.02867126464844,86698400
161,2019-06-14 00:00:00-04:00,46.3988736302043,46.68712615966797,75046000
162,2019-06-17 00:00:00-04:00,46.72589062242156,46.9656982421875,58676400
163,2019-06-18 00:00:00-04:00,47.48890069757922,48.07024765014648,106204000
164,2019-06-19 00:00:00-04:00,48.36819689442443,47.92976379394531,84496800
165,2019-06-20 00:00:00-04:00,48.535332240248096,48.31490707397461,86056000
166,2019-06-21 00:00:00-04:00,48.15503786679383,48.15019226074219,191202400
167,2019-06-24 00:00:00-04:00,48.09205820763327,48.101749420166016,72881600
168,2019-06-25 00:00:00-04:00,48.06540879841808,47.37263870239258,84281200
169,2019-06-26 00:00:00-04:00,47.90554648926319,48.39727020263672,104270000
170,2019-06-27 00:00:00-04:00,48.51595131309687,48.38272857666016,83598800
171,2019-06-28 00:00:00-04:00,48.12596783009793,47.94187545776367,124442400
172,2019-07-01 00:00:00-04:00,49.21357607651001,48.8211669921875,109012000
173,2019-07-02 00:00:00-04:00,48.7872510638121,49.10699081420898,67740800
174,2019-07-03 00:00:00-04:00,49.24021187171879,49.51393127441406,45448000
175,2019-07-05 00:00:00-04:00,49.25717070180432,49.47032928466797,69062000
176,2019-07-08 00:00:00-04:00,48.641908985727824,48.4505500793457,101354400
177,2019-07-09 00:00:00-04:00,48.25193014128515,48.74607849121094,82312000
178,2019-07-10 00:00:00-04:00,48.89384214250026,49.22811508178711,71588400
179,2019-07-11 00:00:00-04:00,49.24748577838221,48.86960983276367,80767200
180,2019-07-12 00:00:00-04:00,49.0391642419469,49.245059967041016,70380800
181,2019-07-15 00:00:00-04:00,49.43642322445817,49.70772171020508,67789600
182,2019-07-16 00:00:00-04:00,49.557539581740734,49.53573989868164,67467200
183,2019-07-17 00:00:00-04:00,49.42673085773784,49.257171630859375,56430000
184,2019-07-18 00:00:00-04:00,49.41462260280243,49.81672286987305,74162400
185,2019-07-19 00:00:00-04:00,49.848208730457706,49.07307815551758,83717200
186,2019-07-22 00:00:00-04:00,49.32984147594361,50.19459915161133,89111600
187,2019-07-23 00:00:00-04:00,50.49496509440767,50.58700942993164,73420800
188,2019-07-24 00:00:00-04:00,50.30360122923674,50.54582977294922,59966400
189,2019-07-25 00:00:00-04:00,50.59912637365794,50.14616012573242,55638400
190,2019-07-26 00:00:00-04:00,50.25757866662419,50.320560455322266,70475600
191,2019-07-29 00:00:00-04:00,50.4949661311205,50.79048156738281,86693600
192,2019-07-30 00:00:00-04:00,50.56762601319589,50.57247161865234,135742800
193,2019-07-31 00:00:00-04:00,52.42309994675296,51.60436630249024,277125600
194,2019-08-01 00:00:00-04:00,51.81269205114791,50.487701416015625,216071600
195,2019-08-02 00:00:00-04:00,49.78523553494143,49.419471740722656,163448400
196,2019-08-05 00:00:00-04:00,47.95883498679154,46.83246994018555,209572000
197,2019-08-06 00:00:00-04:00,47.55188636624533,47.719024658203125,143299200
198,2019-08-07 00:00:00-04:00,47.33388197234732,48.21316909790039,133457600
199,2019-08-08 00:00:00-04:00,48.4941568950324,49.276554107666016,108038000
200,2019-08-09 00:00:00-04:00,48.94586658130163,48.87049102783203,98478800
201,2019-08-12 00:00:00-04:00,48.53738607424806,48.74649429321289,89927600
202,2019-08-13 00:00:00-04:00,48.87778868749808,50.810821533203125,188874000
203,2019-08-14 00:00:00-04:00,49.39813478681995,49.29844284057617,146189600
204,2019-08-15 00:00:00-04:00,49.47108051066494,49.05286407470703,108909600
205,2019-08-16 00:00:00-04:00,49.6704561936925,50.21024703979492,110481600
206,2019-08-19 00:00:00-04:00,51.212017462347866,51.14636993408203,97654400
207,2019-08-20 00:00:00-04:00,51.27523835602405,51.14879989624024,107537200
208,2019-08-21 00:00:00-04:00,51.78827817801869,51.70317459106445,86141600
209,2019-08-22 00:00:00-04:00,51.83690237097305,51.65940475463867,89014800
210,2019-08-23 00:00:00-04:00,50.922677565806346,49.27169799804688,187272000
211,2019-08-26 00:00:00-04:00,50.05462828221632,50.20781326293945,104174400
212,2019-08-27 00:00:00-04:00,50.540923562978826,49.64127349853516,103493200
213,2019-08-28 00:00:00-04:00,49.62668701120576,49.974388122558594,63755200
214,2019-08-29 00:00:00-04:00,50.6965482163073,50.82055282592773,83962000
215,2019-08-30 00:00:00-04:00,51.10016903243501,50.75489807128906,84573600
216,2019-09-03 00:00:00-04:00,50.193214170308416,50.015716552734375,80092000
217,2019-09-04 00:00:00-04:00,50.6697989861485,50.86431884765625,76752400
218,2019-09-05 00:00:00-04:00,51.54756488240616,51.858795166015625,95654800
219,2019-09-06 00:00:00-04:00,52.04601730074444,51.85392761230469,77449200
220,2019-09-09 00:00:00-04:00,52.23810844391287,52.07519912719727,109237600
221,2019-09-10 00:00:00-04:00,51.99981533644323,52.69035720825195,127111600
222,2019-09-11 00:00:00-04:00,53.02347492434168,54.36565399169922,177158400
223,2019-09-12 00:00:00-04:00,54.65986193896232,54.24407577514648,128906800
224,2019-09-13 00:00:00-04:00,53.49275216238839,53.18881607055664,159053200
225,2019-09-16 00:00:00-04:00,52.94081212487667,53.46844482421875,84632400
226,2019-09-17 00:00:00-04:00,53.48303224580426,53.66296005249024,73274800
227,2019-09-18 00:00:00-04:00,53.75049260800457,54.16627883911133,101360000
228,2019-09-19 00:00:00-04:00,53.98148823262425,53.7261848449707,88242400
229,2019-09-20 00:00:00-04:00,53.82830302653972,52.9408073425293,221652400
230,2019-09-23 00:00:00-04:00,53.23744175322148,53.1815185546875,76662000
231,2019-09-24 00:00:00-04:00,53.74319631463278,52.92864608764648,124763200
232,2019-09-25 00:00:00-04:00,53.14018641974248,53.743194580078125,87613600
233,2019-09-26 00:00:00-04:00,53.49275757455687,53.46601104736328,75334000
234,2019-09-27 00:00:00-04:00,53.624053735413774,53.205841064453125,101408000
235,2019-09-30 00:00:00-04:00,53.711588527462965,54.45805740356445,103909600
236,2019-10-01 00:00:00-04:00,54.72551692212748,54.60880279541016,139223200
237,2019-10-02 00:00:00-04:00,54.236787775283766,53.2398796081543,138449200
238,2019-10-03 00:00:00-04:00,53.1109979536058,53.6921272277832,114426000
239,2019-10-04 00:00:00-04:00,54.86411469023373,55.197227478027344,138478800
240,2019-10-07 00:00:00-04:00,55.01729893263256,55.20938491821289,122306000
241,2019-10-08 00:00:00-04:00,54.90788916135374,54.56261444091797,111820000
242,2019-10-09 00:00:00-04:00,55.202091217041016,55.202091217041016,74770400
243,2019-10-10 00:00:00-04:00,55.42092255813679,55.94612503051758,113013600
244,2019-10-11 00:00:00-04:00,56.64154006406859,57.434207916259766,166795600
245,2019-10-14 00:00:00-04:00,57.115669645844335,57.351524353027344,96427600
246,2019-10-15 00:00:00-04:00,57.47796369847099,57.2177963256836,87360000
247,2019-10-16 00:00:00-04:00,56.74365986716521,56.98680877685547,73903200
248,2019-10-17 00:00:00-04:00,57.16186615468296,57.20806503295898,67585200
249,2019-10-18 00:00:00-04:00,57.04030107170514,57.48283386230469,97433600
250,2019-10-21 00:00:00-04:00,57.75273107932181,58.47974395751953,87247200
251,2019-10-22 00:00:00-04:00,58.63778622186848,58.34600830078125,82293600
252,2019-10-23 00:00:00-04:00,58.86635446018602,59.12895202636719,75828800
253,2019-10-24 00:00:00-04:00,59.45232676398147,59.226200103759766,69275200
254,2019-10-25 00:00:00-04:00,59.12408914190679,59.955657958984375,73477200
255,2019-10-28 00:00:00-04:00,60.15990235988009,60.55623626708984,96572800
256,2019-10-29 00:00:00-04:00,60.53677680383992,59.15568923950195,142839600
257,2019-10-30 00:00:00-04:00,59.51311886033526,59.14839553833008,124522000
258,2019-10-31 00:00:00-04:00,60.11613033303044,60.48571395874024,139162000
259,2019-11-01 00:00:00-04:00,60.67537589997531,62.20235443115234,151125200
260,2019-11-04 00:00:00-05:00,62.56949745489113,62.610836029052734,103272000
261,2019-11-05 00:00:00-05:00,62.50142558427012,62.52088165283203,79897600
262,2019-11-06 00:00:00-05:00,62.43333858943478,62.5476188659668,75864400
263,2019-11-07 00:00:00-05:00,63.10123130646921,63.269508361816406,94940400
264,2019-11-08 00:00:00-05:00,63.08901493247413,63.44264221191406,69986400
265,2019-11-11 00:00:00-05:00,62.993919398677896,63.94505310058594,81821200
266,2019-11-12 00:00:00-05:00,63.786513899606064,63.886505126953125,87388800
267,2019-11-13 00:00:00-05:00,63.68408747396713,64.49864196777344,102734400
268,2019-11-14 00:00:00-05:00,64.32304722921461,64.0523452758789,89182800
269,2019-11-15 00:00:00-05:00,64.30599062755981,64.81326293945312,100206400
270,2019-11-18 00:00:00-05:00,64.82299818162562,65.14004516601562,86703200
271,2019-11-19 00:00:00-05:00,65.33515395756069,64.94251251220703,76167200
272,2019-11-20 00:00:00-05:00,64.75960216729601,64.18648529052734,106234400
273,2019-11-21 00:00:00-05:00,64.30841156214397,63.89869689941406,121395200
274,2019-11-22 00:00:00-05:00,64.04015069207065,63.84260940551758,65325200
275,2019-11-25 00:00:00-05:00,64.06940816504061,64.96200561523438,84020400
276,2019-11-26 00:00:00-05:00,65.10101988640974,64.45474243164062,105207600
277,2019-11-27 00:00:00-05:00,64.76934227679038,65.32051086425781,65235600
278,2019-11-29 00:00:00-05:00,65.01810833555537,65.17662811279297,46617600
279,2019-12-02 00:00:00-05:00,65.18150200008257,64.42304229736328,94487200
280,2019-12-03 00:00:00-05:00,62.99636182457574,63.27438735961914,114430400
281,2019-12-04 00:00:00-05:00,63.66946815386567,63.83286285400391,67181600
282,2019-12-05 00:00:00-05:00,64.33281789629098,64.76935577392578,74424400
283,2019-12-06 00:00:00-05:00,65.23273786766617,66.02046203613281,106075600
284,2019-12-09 00:00:00-05:00,65.84730464469239,65.09616088867188,128042400
285,2019-12-10 00:00:00-05:00,65.50587255289302,65.47660827636719,90420400
286,2019-12-11 00:00:00-05:00,65.55707944750228,66.03507995605469,78756800
287,2019-12-12 00:00:00-05:00,65.30588145471539,66.20335388183594,137310400
288,2019-12-13 00:00:00-05:00,66.20335030621128,67.10326385498047,133587600
289,2019-12-16 00:00:00-05:00,67.55445541288478,68.25194549560547,128186000
290,2019-12-17 00:00:00-05:00,68.18122812057067,68.3860855102539,114158400
291,2019-12-18 00:00:00-05:00,68.23731127635443,68.2226791381836,116028400
292,2019-12-19 00:00:00-05:00,68.1641402640345,68.29095458984375,98369200
293,2019-12-20 00:00:00-05:00,68.82992197686274,68.14949798583984,275978000
294,2019-12-23 00:00:00-05:00,68.41533673241157,69.2615966796875,98572000
295,2019-12-24 00:00:00-05:00,69.42987838740844,69.32744598388672,48478800
296,2019-12-26 00:00:00-05:00,69.46157654049772,70.70291900634766,93121200
297,2019-12-27 00:00:00-05:00,70.99801595210371,70.67609405517578,146266000
298,2019-12-30 00:00:00-05:00,70.59317591703658,71.09556579589844,144114400
299,2019-12-31 00:00:00-05:00,70.70779869111577,71.61502838134766,100805600
300,2020-01-02 00:00:00-05:00,72.24667736588574,73.2490234375,135480400
301,2020-01-03 00:00:00-05:00,72.46860233891724,72.5368881225586,146322800
302,2020-01-06 00:00:00-05:00,71.64917645158192,73.11488342285156,118387200
303,2020-01-07 00:00:00-05:00,73.12463887491482,72.7710189819336,108872000
304,2020-01-08 00:00:00-05:00,72.4710458446105,73.94163513183594,132079200
305,2020-01-09 00:00:00-05:00,74.92934816749539,75.51222229003906,170108400
306,2020-01-10 00:00:00-05:00,75.7487820539154,75.68292999267578,140644800
307,2020-01-13 00:00:00-05:00,76.00241293125838,77.29984283447266,121532000
308,2020-01-14 00:00:00-05:00,77.23644801826254,76.25605010986328,161954400
309,2020-01-15 00:00:00-05:00,76.05364088177825,75.92926025390625,121923600
310,2020-01-16 00:00:00-05:00,76.47797245463752,76.88037109375,108829200
311,2020-01-17 00:00:00-05:00,77.13158174643779,77.73152923583984,137816400
312,2020-01-21 00:00:00-05:00,77.35594615348377,77.20474243164062,110843200
313,2020-01-22 00:00:00-05:00,77.69493095589442,77.4803237915039,101832400
314,2020-01-23 00:00:00-05:00,77.53396626647817,77.85344696044922,104472000
315,2020-01-24 00:00:00-05:00,78.10220732447766,77.62908172607422,146537600
316,2020-01-27 00:00:00-05:00,75.6170841225517,75.34638214111328,161940000
317,2020-01-28 00:00:00-05:00,76.23654727987103,77.47789001464844,162234000
318,2020-01-29 00:00:00-05:00,79.1265085875144,79.09967803955078,216229200
319,2020-01-30 00:00:00-05:00,78.1729405963809,78.98505401611328,126743200
320,2020-01-31 00:00:00-05:00,78.26805653699782,75.48296356201172,199588400
321,2020-02-03 00:00:00-05:00,74.2123343217887,75.27565002441406,173788400
322,2020-02-04 00:00:00-05:00,76.89745458270808,77.76078796386719,136616400
323,2020-02-05 00:00:00-05:00,78.89969055564755,78.39486694335938,118826800
324,2020-02-06 00:00:00-05:00,78.66802267135334,79.31185913085938,105425600
325,2020-02-07 00:00:00-05:00,78.80582527221205,78.23379516601562,117684000
326,2020-02-10 00:00:00-05:00,76.8037100782242,78.60536193847656,109348800
327,2020-02-11 00:00:00-05:00,79.10649458188793,78.131103515625,94323200
328,2020-02-12 00:00:00-05:00,78.58581929079861,79.98656463623047,113730400
329,2020-02-13 00:00:00-05:00,79.25071701874771,79.41694641113281,94747600
330,2020-02-14 00:00:00-05:00,79.38518195503633,79.4365234375,80113600
331,2020-02-18 00:00:00-05:00,77.0921651531583,77.98199462890625,152531200
332,2020-02-19 00:00:00-05:00,78.2264611415283,79.11139678955078,93984000
333,2020-02-20 00:00:00-05:00,78.86938766762682,78.29979705810547,100566000
334,2020-02-21 00:00:00-05:00,77.88909674746316,76.5274658203125,129554000
335,2020-02-24 00:00:00-05:00,72.66749050796284,72.89238739013672,222195200
336,2020-02-25 00:00:00-05:00,73.56954720138268,70.42337036132812,230673600
337,2020-02-26 00:00:00-05:00,70.04446271004007,71.54054260253906,198054800
338,2020-02-27 00:00:00-05:00,68.71706061193966,66.86406707763672,320605600
339,2020-02-28 00:00:00-05:00,62.88917393479619,66.82493591308594,426510000
340,2020-03-02 00:00:00-05:00,69.00551664777703,73.04640197753906,341397200
341,2020-03-03 00:00:00-05:00,74.23447885605749,70.72650909423828,319475600
342,2020-03-04 00:00:00-05:00,72.46702283048059,74.0071029663086,219178400
343,2020-03-05 00:00:00-05:00,72.24212077588811,71.60653686523438,187572800
344,2020-03-06 00:00:00-05:00,68.93707178858264,70.65560913085938,226176800
345,2020-03-09 00:00:00-04:00,64.47570050719692,65.06729125976562,286744800
346,2020-03-10 00:00:00-04:00,67.74900674679837,69.75355529785156,285290000
347,2020-03-11 00:00:00-04:00,67.81012851125817,67.33098602294922,255598800
348,2020-03-12 00:00:00-04:00,62.56649870159687,60.68172836303711,418474000
349,2020-03-13 00:00:00-04:00,64.75440826885261,67.95191192626953,370732000
350,2020-03-16 00:00:00-04:00,59.1465368804235,59.21009826660156,322423600
351,2020-03-17 00:00:00-04:00,60.50571432232909,61.81356430053711,324056000
352,2020-03-18 00:00:00-04:00,58.61362035258495,60.30037689208984,300233600
353,2020-03-19 00:00:00-04:00,60.47639076971457,59.838356018066406,271857200
354,2020-03-20 00:00:00-04:00,60.42504582236414,56.03947830200195,401693200
355,2020-03-23 00:00:00-04:00,55.75590814054247,54.848968505859375,336752800
356,2020-03-24 00:00:00-04:00,57.78001186648141,60.351707458496094,287531200
357,2020-03-25 00:00:00-04:00,61.29776544462944,60.01925277709961,303602000
358,2020-03-26 00:00:00-04:00,60.26370411291427,63.17763900756836,252087200
359,2020-03-27 00:00:00-04:00,61.78668239232234,60.56195068359375,204216800
360,2020-03-30 00:00:00-04:00,61.295323259224624,62.29026412963867,167976400
361,2020-03-31 00:00:00-04:00,62.48338202468251,62.16313934326172,197002000
362,2020-04-01 00:00:00-04:00,60.25882106965687,58.89230346679688,176218400
363,2020-04-02 00:00:00-04:00,58.75295170670662,59.8750114440918,165934000
364,2020-04-03 00:00:00-04:00,59.35432621224324,59.014530181884766,129880000
365,2020-04-06 00:00:00-04:00,61.334426674555935,64.16280364990234,201820400
366,2020-04-07 00:00:00-04:00,66.19914546922057,63.41966247558594,202887200
367,2020-04-08 00:00:00-04:00,64.22881362087139,65.04286193847656,168895200
368,2020-04-09 00:00:00-04:00,65.68579264340482,65.51222229003906,161834800
369,2020-04-13 00:00:00-04:00,65.59043608347682,66.79805755615234,131022800
370,2020-04-14 00:00:00-04:00,68.44816115238123,70.17158508300781,194994800
371,2020-04-15 00:00:00-04:00,69.03484103603999,69.53108978271484,131154400
372,2020-04-16 00:00:00-04:00,70.25225643029741,70.08358001708984,157125200
373,2020-04-17 00:00:00-04:00,69.59465799382637,69.13262939453125,215250000
374,2020-04-20 00:00:00-04:00,67.94702161483517,67.69766998291016,130015200
375,2020-04-21 00:00:00-04:00,67.53876356964993,65.6051025390625,180991600
376,2020-04-22 00:00:00-04:00,66.8860691061211,67.4947738647461,116862400
377,2020-04-23 00:00:00-04:00,67.43854364338674,67.23320007324219,124814400
378,2020-04-24 00:00:00-04:00,67.7636611721299,69.17417907714844,126161200
379,2020-04-27 00:00:00-04:00,68.8881778053537,69.22309112548828,117087600
380,2020-04-28 00:00:00-04:00,69.6899958170114,68.10102081298828,112004800
381,2020-04-29 00:00:00-04:00,69.60444125582414,70.33781433105469,137280800
382,2020-04-30 00:00:00-04:00,70.88295384303704,71.82167053222656,183064000
383,2020-05-01 00:00:00-04:00,69.976009946585,70.6653823852539,240616800
384,2020-05-04 00:00:00-04:00,70.68983830583699,71.66522216796875,133568000
385,2020-05-05 00:00:00-04:00,72.129677678922,72.7408218383789,147751200
386,2020-05-06 00:00:00-04:00,73.44974903344591,73.4913101196289,142333600
387,2020-05-07 00:00:00-04:00,74.12447158290962,74.2515869140625,115215200
388,2020-05-08 00:00:00-04:00,74.91829900978158,76.01888275146484,133838400
389,2020-05-11 00:00:00-04:00,75.52129650372811,77.21507263183594,145946400
390,2020-05-12 00:00:00-04:00,77.90629634596974,76.33263397216797,162301200
391,2020-05-13 00:00:00-04:00,76.51404072286927,75.41100311279297,200622400
392,2020-05-14 00:00:00-04:00,74.64130968580255,75.87425994873047,158929200
393,2020-05-15 00:00:00-04:00,73.62162936857452,75.42570495605469,166348400
394,2020-05-18 00:00:00-04:00,76.76404622287637,77.20280456542969,135178400
395,2020-05-19 00:00:00-04:00,77.21997809683447,76.75670623779297,101729600
396,2020-05-20 00:00:00-04:00,77.62442214348093,78.24948120117188,111504800
397,2020-05-21 00:00:00-04:00,78.10975748325299,77.66609191894531,102688800
398,2020-05-22 00:00:00-04:00,77.40135124446458,78.16613006591797,81803200
399,2020-05-26 00:00:00-04:00,79.29612867678125,77.63667297363281,125522000
400,2020-05-27 00:00:00-04:00,77.49206693049555,77.97494506835938,112945200
401,2020-05-28 00:00:00-04:00,77.64649021329441,78.00926971435547,133560800
402,2020-05-29 00:00:00-04:00,78.25436385334285,77.93325805664062,153532400
403,2020-06-01 00:00:00-04:00,77.88669438478469,78.89168548583984,80791200
404,2020-06-02 00:00:00-04:00,78.62206140065247,79.25691986083984,87642800
405,2020-06-03 00:00:00-04:00,79.58046921088581,79.69322204589844,104491200
406,2020-06-04 00:00:00-04:00,79.51428831288194,79.00688934326172,87560400
407,2020-06-05 00:00:00-04:00,79.25937337298677,81.25709533691406,137250400
408,2020-06-08 00:00:00-04:00,80.95068708023571,81.73751831054688,95654400
409,2020-06-09 00:00:00-04:00,81.41398201113392,84.31864166259766,147712400
410,2020-06-10 00:00:00-04:00,85.27703983402101,86.48793029785156,166651600
411,2020-06-11 00:00:00-04:00,85.62266166622811,82.33560943603516,201662400
412,2020-06-12 00:00:00-04:00,84.49756562151988,83.04645538330078,200146000
413,2020-06-15 00:00:00-04:00,81.68604099698054,84.07350158691406,138808800
414,2020-06-16 00:00:00-04:00,86.14968575773798,86.3016586303711,165428800
415,2020-06-17 00:00:00-04:00,87.05415832830204,86.18153381347656,114406400
416,2020-06-18 00:00:00-04:00,86.13741082533696,86.21585083007812,96820400
417,2020-06-19 00:00:00-04:00,86.92915057055677,85.72315979003906,264476000
418,2020-06-22 00:00:00-04:00,86.120269457631,87.96601867675781,135445200
419,2020-06-23 00:00:00-04:00,89.22346846976238,89.84362030029297,212155600
420,2020-06-24 00:00:00-04:00,89.46858086225932,88.2576904296875,192623200
421,2020-06-25 00:00:00-04:00,88.41458411323907,89.42937469482422,137522400
422,2020-06-26 00:00:00-04:00,89.32398229809549,86.68159484863281,205256800
423,2020-06-29 00:00:00-04:00,86.588452515507,88.6793212890625,130646000
424,2020-06-30 00:00:00-04:00,88.2625993076485,89.41956329345703,140223200
425,2020-07-01 00:00:00-04:00,89.4980155518819,89.25044250488281,110737200
426,2020-07-02 00:00:00-04:00,90.16719436700755,89.25044250488281,114041600
427,2020-07-06 00:00:00-04:00,90.69419754607166,91.63790893554688,118655600
428,2020-07-07 00:00:00-04:00,92.02029423844508,91.35356903076172,112424400
429,2020-07-08 00:00:00-04:00,92.34138218049706,93.48118591308594,117092000
430,2020-07-09 00:00:00-04:00,94.38323221403326,93.88319396972656,125642800
431,2020-07-10 00:00:00-04:00,93.47383814542316,94.04741668701172,90257200
432,2020-07-13 00:00:00-04:00,95.36616598713748,93.61356353759766,191649200
433,2020-07-14 00:00:00-04:00,92.988511537409,95.16272735595705,170989200
434,2020-07-15 00:00:00-04:00,97.05748817540936,95.8171844482422,153198000
435,2020-07-16 00:00:00-04:00,94.67736544727038,94.63814544677734,110577600
436,2020-07-17 00:00:00-04:00,95.0940716086553,94.44695281982422,92186800
437,2020-07-20 00:00:00-04:00,94.535210530215,96.43733215332033,90318000
438,2020-07-21 00:00:00-04:00,97.23641133798075,95.1063232421875,103433200
439,2020-07-22 00:00:00-04:00,94.80484101396048,95.37351989746094,89001600
440,2020-07-23 00:00:00-04:00,95.1038856009603,91.03245544433594,197004400
441,2020-07-24 00:00:00-04:00,89.21121583507585,90.80693817138672,185438800
442,2020-07-27 00:00:00-04:00,91.88055963874844,92.9590835571289,121214000
443,2020-07-28 00:00:00-04:00,92.52521430740042,91.4319839477539,103625600
444,2020-07-29 00:00:00-04:00,91.91979876027156,93.1846160888672,90329200
445,2020-07-30 00:00:00-04:00,92.34874012874236,94.31214904785156,158130000
446,2020-07-31 00:00:00-04:00,100.87646468195396,104.18557739257812,374336800
447,2020-08-03 00:00:00-04:00,106.08768570905298,106.810791015625,308151200
448,2020-08-04 00:00:00-04:00,107.00198043549128,107.52408599853516,173071600
449,2020-08-05 00:00:00-04:00,107.24220874532422,107.91383361816406,121776800
450,2020-08-06 00:00:00-04:00,108.24964498247232,111.67886352539062,202428800
451,2020-08-07 00:00:00-04:00,111.19510274241004,109.13975524902344,198045600
452,2020-08-10 00:00:00-04:00,110.60085838884032,110.7260971069336,212403600
453,2020-08-11 00:00:00-04:00,109.98203383295876,107.43310546875,187902400
454,2020-08-12 00:00:00-04:00,108.53568160118007,111.00357818603516,165598000
455,2020-08-13 00:00:00-04:00,112.39835154325064,112.96805572509766,210082000
456,2020-08-14 00:00:00-04:00,112.79127005511228,112.86739349365234,165565200
457,2020-08-17 00:00:00-04:00,114.0018617899785,112.57269287109376,119561600
458,2020-08-18 00:00:00-04:00,112.3222260674378,113.5107421875,105633600
459,2020-08-19 00:00:00-04:00,113.9232790879674,113.65316009521484,145538000
460,2020-08-20 00:00:00-04:00,113.69493054396696,116.17510223388672,126907200
461,2020-08-21 00:00:00-04:00,117.1450630188922,122.1618881225586,338054800
462,2020-08-24 00:00:00-04:00,126.41252881214356,123.62295532226562,345937600
463,2020-08-25 00:00:00-04:00,122.48356395694012,122.60879516601562,211495600
464,2020-08-26 00:00:00-04:00,123.93973568463304,124.27615356445312,163022400
465,2020-08-27 00:00:00-04:00,124.88515031449344,122.79051208496094,155552400
466,2020-08-28 00:00:00-04:00,123.7752216609851,122.59162139892578,187630000
467,2020-08-31 00:00:00-04:00,125.31489225606666,126.74896240234376,225702700
468,2020-09-01 00:00:00-04:00,130.40289701315658,131.7976837158203,151948100
469,2020-09-02 00:00:00-04:00,135.14713292146743,129.06703186035156,200119000
470,2020-09-03 00:00:00-04:00,124.65677997144026,118.73383331298828,257599600
471,2020-09-04 00:00:00-04:00,117.93821817164002,118.81241607666016,332607200
472,2020-09-08 00:00:00-04:00,111.92687505782564,110.8169403076172,231366600
473,2020-09-09 00:00:00-04:00,115.1781129543421,115.23704528808594,176940500
474,2020-09-10 00:00:00-04:00,118.22306571773302,111.47503662109376,182274400
475,2020-09-11 00:00:00-04:00,112.53585255824092,110.01148223876952,180860300
476,2020-09-14 00:00:00-04:00,112.68319975124405,113.31183624267578,140150100
477,2020-09-15 00:00:00-04:00,116.22910552760484,113.48863983154295,184642000
478,2020-09-16 00:00:00-04:00,113.18415786983624,110.13919067382812,154679000
479,2020-09-17 00:00:00-04:00,107.7719787652629,108.38096618652344,178011000
480,2020-09-18 00:00:00-04:00,108.439906746903,104.94310760498048,287104900
481,2020-09-21 00:00:00-04:00,102.68394644252945,108.1255874633789,195713800
482,2020-09-22 00:00:00-04:00,110.67940815610298,109.8248519897461,183055400
483,2020-09-23 00:00:00-04:00,109.63824435603448,105.2181396484375,150718700
484,2020-09-24 00:00:00-04:00,103.3027625802054,106.29861450195312,167743300
485,2020-09-25 00:00:00-04:00,106.50487829127796,110.2865219116211,149981400
486,2020-09-28 00:00:00-04:00,112.96806058661156,112.9189453125,137672400
487,2020-09-29 00:00:00-04:00,112.51623164108804,112.06439208984376,99382200
488,2020-09-30 00:00:00-04:00,111.76972016376764,113.75385284423828,142675200
489,2020-10-01 00:00:00-04:00,115.55137610345368,114.71646881103516,116120400
490,2020-10-02 00:00:00-04:00,110.88569274215376,111.0133819580078,144712000
491,2020-10-05 00:00:00-04:00,111.88757527214096,114.43158721923828,106243800
492,2020-10-06 00:00:00-04:00,113.64579871179735,111.1509017944336,161498200
493,2020-10-07 00:00:00-04:00,112.58496460852328,113.03679656982422,96849000
494,2020-10-08 00:00:00-04:00,114.18605279073786,112.92877960205078,83477200
495,2020-10-09 00:00:00-04:00,113.233267370004,114.8932647705078,100506900
496,2020-10-12 00:00:00-04:00,117.92838836210528,122.19133758544922,240226800
497,2020-10-13 00:00:00-04:00,123.0458823188266,118.94992065429688,262330500
498,2020-10-14 00:00:00-04:00,118.85171627693109,119.03834533691406,150712000
499,2020-10-15 00:00:00-04:00,116.6121898884764,118.56685638427734,112559200
500,2020-10-16 00:00:00-04:00,119.1267373603552,116.9068603515625,115393800
501,2020-10-19 00:00:00-04:00,117.83016243936302,113.92082977294922,120639300
502,2020-10-20 00:00:00-04:00,114.1369212391168,115.42366790771484,124423700
503,2020-10-21 00:00:00-04:00,114.59857509973754,114.79502868652344,89946000
504,2020-10-22 00:00:00-04:00,115.36473011137358,113.69491577148438,101988000
505,2020-10-23 00:00:00-04:00,114.32355034045432,112.99752044677734,82572600
506,2020-10-26 00:00:00-04:00,111.98580333324988,113.00733947753906,111850700
507,2020-10-27 00:00:00-04:00,113.4395453169778,114.52983856201172,92276800
508,2020-10-28 00:00:00-04:00,113.00735167930252,109.22570037841795,143937800
509,2020-10-29 00:00:00-04:00,110.37492378432763,113.27254486083984,146129200
510,2020-10-30 00:00:00-04:00,109.0881832035356,106.92724609375,190272600
511,2020-11-02 00:00:00-05:00,107.17281168042364,106.8388442993164,122866900
512,2020-11-03 00:00:00-05:00,107.71303678011994,108.47918701171876,107624400
513,2020-11-04 00:00:00-05:00,112.11348703409564,112.90910339355467,138235500
514,2020-11-05 00:00:00-05:00,115.85586001559628,116.91668701171876,126387100
515,2020-11-06 00:00:00-05:00,116.41979869356317,116.78385925292967,114457900
516,2020-11-09 00:00:00-05:00,118.56478183716108,114.45191192626952,154515300
517,2020-11-10 00:00:00-05:00,113.69428326934482,114.10753631591795,138023400
518,2020-11-11 00:00:00-05:00,115.30794892722194,117.57100677490234,112295000
519,2020-11-12 00:00:00-05:00,117.69891310895736,117.29549407958984,103162300
520,2020-11-13 00:00:00-05:00,117.52180555959988,117.34469604492188,81581900
521,2020-11-16 00:00:00-05:00,117.01016162467154,118.36800384521484,91183000
522,2020-11-17 00:00:00-05:00,117.63004449632666,117.4726104736328,74271000
523,2020-11-18 00:00:00-05:00,116.70513989921652,116.13445281982422,76322100
524,2020-11-19 00:00:00-05:00,115.7015247025675,116.7346649169922,74113000
525,2020-11-20 00:00:00-05:00,116.73466882572056,115.4555435180664,73604300
526,2020-11-23 00:00:00-05:00,115.29810602847245,112.0215835571289,127959300
527,2020-11-24 00:00:00-05:00,112.08062202545244,113.32038116455078,113874200
528,2020-11-25 00:00:00-05:00,113.6942855102278,114.16657257080078,76499200
529,2020-11-27 00:00:00-05:00,114.69789194576312,114.71756744384766,46691300
530,2020-11-30 00:00:00-05:00,115.09147948741315,117.13807678222656,169410200
531,2020-12-01 00:00:00-05:00,119.06658605609758,120.7491226196289,127728200
532,2020-12-02 00:00:00-05:00,120.0603661808389,121.10334777832033,89004200
533,2020-12-03 00:00:00-05:00,121.53629394721864,120.96561431884766,78967600
534,2020-12-04 00:00:00-05:00,120.63105967657256,120.28668212890624,78260400
535,2020-12-07 00:00:00-05:00,120.34570480106078,121.76258087158205,86712000
536,2020-12-08 00:00:00-05:00,122.37263518101037,122.3824691772461,82225500
537,2020-12-09 00:00:00-05:00,122.53006170413056,119.82422637939452,115089200
538,2020-12-10 00:00:00-05:00,118.56477900230124,121.26077270507812,81312200
539,2020-12-11 00:00:00-05:00,120.4637749233174,120.44409942626952,86939800
540,2020-12-14 00:00:00-05:00,120.63105697595022,119.82422637939452,79184500
541,2020-12-15 00:00:00-05:00,122.34311440288046,125.82626342773438,157243700
542,2020-12-16 00:00:00-05:00,125.36381520852434,125.75738525390624,98208600
543,2020-12-17 00:00:00-05:00,126.82986453310394,126.6330795288086,94359800
544,2020-12-18 00:00:00-05:00,126.8889274533363,124.62586212158205,192541500
545,2020-12-21 00:00:00-05:00,123.01219955070376,126.17064666748048,121251600
546,2020-12-22 00:00:00-05:00,129.49635589752882,129.76202392578125,168904800
547,2020-12-23 00:00:00-05:00,130.03750592980649,128.85678100585938,88223700
548,2020-12-24 00:00:00-05:00,129.21100046275473,129.85055541992188,54930100
549,2020-12-28 00:00:00-05:00,131.83811617734247,134.4947509765625,124486200
550,2020-12-29 00:00:00-05:00,135.8329320352896,132.70399475097656,121047300
551,2020-12-30 00:00:00-05:00,133.40262401516787,131.57249450683594,96452100
552,2020-12-31 00:00:00-05:00,131.92669720499129,130.55902099609375,99116600
553,2021-01-04 00:00:00-05:00,131.37569008291635,127.33169555664062,143301900
554,2021-01-05 00:00:00-05:00,126.8200573481432,128.906005859375,97664900
555,2021-01-06 00:00:00-05:00,125.66882618212315,124.56681060791016,155088000
556,2021-01-07 00:00:00-05:00,126.29854448174804,128.8174285888672,109578200
557,2021-01-08 00:00:00-05:00,130.30320839853042,129.9293212890625,105158200
558,2021-01-11 00:00:00-05:00,127.11521097132432,126.90857696533205,100384500
559,2021-01-12 00:00:00-05:00,126.43631366027655,126.73149871826172,91951100
560,2021-01-13 00:00:00-05:00,126.69212088965998,128.7879180908203,88636800
561,2021-01-14 00:00:00-05:00,128.69938334749574,126.83973693847656,90221800
562,2021-01-15 00:00:00-05:00,126.71179797744222,125.09813690185548,111598500
563,2021-01-19 00:00:00-05:00,125.72787670877533,125.7770767211914,90757300
564,2021-01-20 00:00:00-05:00,126.5937485537272,129.9096221923828,104319500
565,2021-01-21 00:00:00-05:00,131.65120165441735,134.67189025878906,120150900
566,2021-01-22 00:00:00-05:00,134.09134674667274,136.8365478515625,114459400
567,2021-01-25 00:00:00-05:00,140.7722948238789,140.62469482421875,157611700
568,2021-01-26 00:00:00-05:00,141.2938064138018,140.86087036132812,98390600
569,2021-01-27 00:00:00-05:00,141.12649631154463,139.77850341796875,140843800
570,2021-01-28 00:00:00-05:00,137.27936486847065,134.8883819580078,142621100
571,2021-01-29 00:00:00-05:00,133.64857174814853,129.84072875976562,177523800
572,2021-02-01 00:00:00-05:00,131.60199696871766,131.98573303222656,106239800
573,2021-02-02 00:00:00-05:00,133.55017325883716,132.8220672607422,83305400
574,2021-02-03 00:00:00-05:00,133.57970361858878,131.7889404296875,89880900
575,2021-02-04 00:00:00-05:00,134.11101131006245,135.18350219726562,84183100
576,2021-02-05 00:00:00-05:00,135.34614363612138,134.76473999023438,75693800
577,2021-02-08 00:00:00-05:00,134.04535552799223,134.9125213623047,71297200
578,2021-02-09 00:00:00-05:00,134.6267815657062,134.0256805419922,76774200
579,2021-02-10 00:00:00-05:00,134.48878163363008,133.41468811035156,73046600
580,2021-02-11 00:00:00-05:00,133.91726346072855,133.15850830078125,64280000
581,2021-02-12 00:00:00-05:00,132.38988132230318,133.39498901367188,60145100
582,2021-02-16 00:00:00-05:00,133.51325779423513,131.24681091308594,80576300
583,2021-02-17 00:00:00-05:00,129.3351131755752,128.93109130859375,97918500
584,2021-02-18 00:00:00-05:00,127.3150350809176,127.8176040649414,96856700
585,2021-02-19 00:00:00-05:00,128.33986998612326,127.97525787353516,87668800
586,2021-02-22 00:00:00-05:00,126.14238992440126,124.1617202758789,103916400
587,2021-02-23 00:00:00-05:00,121.95439752495388,124.02375793457033,158273000
588,2021-02-24 00:00:00-05:00,123.11718009581828,123.5211944580078,111039900
589,2021-02-25 00:00:00-05:00,122.86095896610205,119.22479248046876,148199500
590,2021-02-26 00:00:00-05:00,120.80146545052592,119.49087524414062,164560400
591,2021-03-01 00:00:00-05:00,121.94453915597607,125.92559814453124,116307900
592,2021-03-02 00:00:00-05:00,126.53656470978213,123.29456329345705,102260900
593,2021-03-03 00:00:00-05:00,122.98906864196644,120.27919006347656,112966300
594,2021-03-04 00:00:00-05:00,119.97371742431686,118.37734985351562,178155000
595,2021-03-05 00:00:00-05:00,119.21496119045678,119.6485366821289,153766600
596,2021-03-08 00:00:00-05:00,119.16567869460076,114.662353515625,154376600
597,2021-03-09 00:00:00-05:00,117.2934133567058,119.32335662841795,129525800
598,2021-03-10 00:00:00-05:00,119.91459651062704,118.22954559326172,111943300
599,2021-03-11 00:00:00-05:00,120.75218096163758,120.1806411743164,103026500
600,2021-03-12 00:00:00-05:00,118.64342292684113,119.26422882080078,88105100
601,2021-03-15 00:00:00-04:00,119.63868469069251,122.18103790283205,92403800
602,2021-03-16 00:00:00-04:00,123.86609198647471,123.7379913330078,115227900
603,2021-03-17 00:00:00-04:00,122.24017117863104,122.93981170654295,111932600
604,2021-03-18 00:00:00-04:00,121.08722784033723,118.77151489257812,121229700
605,2021-03-19 00:00:00-04:00,118.15070418809688,118.23938751220705,185549500
606,2021-03-22 00:00:00-04:00,118.57443688412222,121.58979034423828,111912300
607,2021-03-23 00:00:00-04:00,121.53066474355737,120.75218963623048,95467100
608,2021-03-24 00:00:00-04:00,121.02811021667269,118.3379364013672,88530500
609,2021-03-25 00:00:00-04:00,117.79596623729796,118.83064270019533,98844700
610,2021-03-26 00:00:00-04:00,118.59415856650703,119.44161224365234,94071200
611,2021-03-29 00:00:00-04:00,119.8751739521944,119.61896514892578,80819200
612,2021-03-30 00:00:00-04:00,118.35764634594685,118.15071105957033,85671900
613,2021-03-31 00:00:00-04:00,119.87517657526548,120.36788177490234,118323800
614,2021-04-01 00:00:00-04:00,121.85585697320654,121.20548248291016,75089100
615,2021-04-05 00:00:00-04:00,122.0627969755568,124.06317901611328,88651200
616,2021-04-06 00:00:00-04:00,124.6544146303026,124.36864471435548,80171300
617,2021-04-07 00:00:00-04:00,123.99418976923602,126.03398895263672,83466700
618,2021-04-08 00:00:00-04:00,127.06866710315592,128.45809936523438,88844600
619,2021-04-09 00:00:00-04:00,127.9062603498088,131.0595703125,106686700
620,2021-04-12 00:00:00-04:00,130.58659576721814,129.3252716064453,91420000
621,2021-04-13 00:00:00-04:00,130.5077623114581,132.46871948242188,91266500
622,2021-04-14 00:00:00-04:00,132.9712770179956,130.10372924804688,87222800
623,2021-04-15 00:00:00-04:00,131.86764776612526,132.5377197265625,89347100
624,2021-04-16 00:00:00-04:00,132.34062409543492,132.20266723632812,84922400
625,2021-04-19 00:00:00-04:00,131.56215910239385,132.8727569580078,94264200
626,2021-04-20 00:00:00-04:00,133.0501370318623,131.16799926757812,94812300
627,2021-04-21 00:00:00-04:00,130.4289397144209,131.55230712890625,68847100
628,2021-04-22 00:00:00-04:00,131.09897215316,130.01502990722656,84566500
629,2021-04-23 00:00:00-04:00,130.2318311507477,132.36032104492188,78657500
630,2021-04-26 00:00:00-04:00,132.86286655474808,132.7544708251953,66905100
631,2021-04-27 00:00:00-04:00,133.04027100961142,132.4293212890625,66015800
632,2021-04-28 00:00:00-04:00,132.3504641329958,131.63111877441406,107760100
633,2021-04-29 00:00:00-04:00,134.47897565859628,131.5325927734375,151101000
634,2021-04-30 00:00:00-04:00,129.85739201663753,129.5420684814453,109839500
635,2021-05-03 00:00:00-04:00,130.11360270725797,130.60630798339844,75135100
636,2021-05-04 00:00:00-04:00,129.27599297302675,125.9847183227539,137564700
637,2021-05-05 00:00:00-04:00,127.31504461185854,126.2311019897461,84000900
638,2021-05-06 00:00:00-04:00,126.02414494756552,127.84716033935548,78128300
639,2021-05-07 00:00:00-04:00,129.15996198853048,128.52822875976562,78973300
640,2021-05-10 00:00:00-04:00,127.73857249856049,125.21163177490234,88071200
641,2021-05-11 00:00:00-04:00,121.90489879100367,124.28377532958984,126142800
642,2021-05-12 00:00:00-04:00,121.80620938626645,121.18434143066406,112172300
643,2021-05-13 00:00:00-04:00,122.9709566325012,123.35591888427734,105861300
644,2021-05-14 00:00:00-04:00,124.619373194192,125.80387115478516,81918000
645,2021-05-17 00:00:00-04:00,125.18202134638034,124.63912200927734,74244600
646,2021-05-18 00:00:00-04:00,124.92538577231925,123.23747253417967,63342900
647,2021-05-19 00:00:00-04:00,121.56929875397638,123.07953643798828,92612000
648,2021-05-20 00:00:00-04:00,123.61256564556903,125.66569519042967,76857100
649,2021-05-21 00:00:00-04:00,126.16910536621434,123.80997467041016,79295400
650,2021-05-24 00:00:00-04:00,124.38248634157402,125.45840454101562,63092900
651,2021-05-25 00:00:00-04:00,126.16910198357404,125.260986328125,72009500
652,2021-05-26 00:00:00-04:00,125.32021164154824,125.21163177490234,56575900
653,2021-05-27 00:00:00-04:00,124.80693233125332,123.6619110107422,94625600
654,2021-05-28 00:00:00-04:00,123.94817220561424,123.00057220458984,71311100
655,2021-06-01 00:00:00-04:00,123.4644902978728,122.67481994628906,67637100
656,2021-06-02 00:00:00-04:00,122.6748234519784,123.44474792480467,59278900
657,2021-06-03 00:00:00-04:00,123.06966478758864,121.94438934326172,76229200
658,2021-06-04 00:00:00-04:00,122.46754501666652,124.2640380859375,75169300
659,2021-06-07 00:00:00-04:00,124.5404123147918,124.2739028930664,71057600
660,2021-06-08 00:00:00-04:00,124.9648590454823,125.1030502319336,74403800
661,2021-06-09 00:00:00-04:00,125.56698276622409,125.4880142211914,56877900
662,2021-06-10 00:00:00-04:00,125.379420911854,124.4811782836914,71186400
663,2021-06-11 00:00:00-04:00,124.89576852609451,125.7051773071289,53522400
664,2021-06-14 00:00:00-04:00,126.16912867892358,128.79476928710938,96906500
665,2021-06-15 00:00:00-04:00,128.26174263569786,127.96561431884766,62746300
666,2021-06-16 00:00:00-04:00,128.68615385525334,128.468994140625,91815000
667,2021-06-17 00:00:00-04:00,128.12352649952,130.0878143310547,96721700
668,2021-06-18 00:00:00-04:00,129.02178020105015,128.77500915527344,108953300
669,2021-06-21 00:00:00-04:00,128.6170790847275,130.59124755859375,79663300
670,2021-06-22 00:00:00-04:00,130.4234454296524,132.24954223632812,74783600
671,2021-06-23 00:00:00-04:00,132.04226291641513,131.97315979003906,60214200
672,2021-06-24 00:00:00-04:00,132.71348121155032,131.68692016601562,68711000
673,2021-06-25 00:00:00-04:00,131.73624778135826,131.39076232910156,70783700
674,2021-06-28 00:00:00-04:00,131.68691447418215,133.03921508789062,62111300
675,2021-06-29 00:00:00-04:00,133.05894581208608,134.56918334960938,64556100
676,2021-06-30 00:00:00-04:00,134.4112807062303,135.1910858154297,63261400
677,2021-07-01 00:00:00-04:00,134.83569524961308,135.49703979492188,52485800
678,2021-07-02 00:00:00-04:00,136.1189221337434,138.15232849121094,78852600
679,2021-07-06 00:00:00-04:00,138.26088832420487,140.18569946289062,108181800
680,2021-07-07 00:00:00-04:00,141.6860634364074,142.70277404785156,104911600
681,2021-07-08 00:00:00-04:00,139.7513750589534,141.3899383544922,105575500
682,2021-07-09 00:00:00-04:00,140.906289678924,143.23580932617188,99890800
683,2021-07-12 00:00:00-04:00,144.32158760243067,142.6336669921875,76299700
684,2021-07-13 00:00:00-04:00,142.16973549294352,143.75894165039062,100827100
685,2021-07-14 00:00:00-04:00,146.1871759350667,147.22360229492188,127050800
686,2021-07-15 00:00:00-04:00,147.3124341440497,146.56224060058594,106820300
687,2021-07-16 00:00:00-04:00,146.54252379889243,144.49925231933594,93251400
688,2021-07-19 00:00:00-04:00,141.89336577937172,140.6101531982422,121434600
689,2021-07-20 00:00:00-04:00,141.60711559234676,144.26235961914062,96350000
690,2021-07-21 00:00:00-04:00,143.65035945450325,143.52203369140625,74993500
691,2021-07-22 00:00:00-04:00,144.05505301177945,144.90394592285156,77338200
692,2021-07-23 00:00:00-04:00,145.6442705154755,146.64122009277344,71447400
693,2021-07-26 00:00:00-04:00,146.35498721590176,147.06568908691406,72434100
694,2021-07-27 00:00:00-04:00,147.19398257088184,144.8743438720703,104818600
695,2021-07-28 00:00:00-04:00,142.93966513943408,143.1074676513672,118931200
696,2021-07-29 00:00:00-04:00,142.8212146768755,143.75894165039062,56699500
697,2021-07-30 00:00:00-04:00,142.51522430998895,143.97610473632812,70440600
698,2021-08-02 00:00:00-04:00,144.46963473022967,143.64048767089844,62880000
699,2021-08-03 00:00:00-04:00,143.92674257544084,145.45672607421875,64786600
700,2021-08-04 00:00:00-04:00,145.36787608705873,145.052001953125,56368300
701,2021-08-05 00:00:00-04:00,145.0816454626661,145.16061401367188,46397700
702,2021-08-06 00:00:00-04:00,144.67621756162433,144.46861267089844,54126800
703,2021-08-09 00:00:00-04:00,144.52791673459245,144.41917419433594,48908700
704,2021-08-10 00:00:00-04:00,144.76518861157476,143.93479919433594,69023100
705,2021-08-11 00:00:00-04:00,144.37964764482732,144.1918182373047,48493500
706,2021-08-12 00:00:00-04:00,144.5180468637133,147.18716430664062,72282600
707,2021-08-13 00:00:00-04:00,147.26624210545296,147.39476013183594,59375000
708,2021-08-16 00:00:00-04:00,146.8411377923304,149.39163208007812,103296000
709,2021-08-17 00:00:00-04:00,148.511810661967,148.47227478027344,92229700
710,2021-08-18 00:00:00-04:00,148.08675567528422,144.68609619140625,86326000
711,2021-08-19 00:00:00-04:00,143.37130299641476,145.02220153808594,86960300
712,2021-08-20 00:00:00-04:00,145.75375584694345,146.49517822265625,60549600
713,2021-08-23 00:00:00-04:00,146.61380520918294,147.997802734375,60131800
714,2021-08-24 00:00:00-04:00,147.74072906849827,147.90878295898438,48606400
715,2021-08-25 00:00:00-04:00,148.09663675595883,146.66322326660156,58991300
716,2021-08-26 00:00:00-04:00,146.65333357510156,145.8525848388672,48597200
717,2021-08-27 00:00:00-04:00,145.79328125231578,146.90048217773438,55802400
718,2021-08-30 00:00:00-04:00,147.29591418804347,151.36878967285156,90956700
719,2021-08-31 00:00:00-04:00,150.91404555511255,150.09353637695312,86453100
720,2021-09-01 00:00:00-04:00,151.08209449042633,150.7657470703125,80313700
721,2021-09-02 00:00:00-04:00,152.1102005445229,151.89271545410156,71115500
722,2021-09-03 00:00:00-04:00,152.0014914538702,152.5353240966797,57808700
723,2021-09-07 00:00:00-04:00,153.19763462984872,154.89796447753906,82278300
724,2021-09-08 00:00:00-04:00,155.1846372952025,153.33602905273438,74420200
725,2021-09-09 00:00:00-04:00,153.7116801395537,152.30792236328125,57305700
726,2021-09-10 00:00:00-04:00,153.22726919814178,147.2662353515625,140893200
727,2021-09-13 00:00:00-04:00,148.9072340900897,147.83958435058594,102404300
728,2021-09-14 00:00:00-04:00,148.63045548294292,146.4259490966797,109296300
729,2021-09-15 00:00:00-04:00,146.86095085794548,147.32557678222656,83281300
730,2021-09-16 00:00:00-04:00,146.7423145646967,147.0883026123047,68034100
731,2021-09-17 00:00:00-04:00,147.11800131662554,144.38955688476562,129868800
732,2021-09-20 00:00:00-04:00,142.15540183552184,141.30523681640625,123478900
733,2021-09-21 00:00:00-04:00,142.2838781019178,141.7895965576172,75834000
734,2021-09-22 00:00:00-04:00,142.79794829855993,144.18194580078125,76404300
735,2021-09-23 00:00:00-04:00,144.97279235105827,145.15074157714844,64838200
736,2021-09-24 00:00:00-04:00,143.99413127123637,145.23971557617188,53477900
737,2021-09-27 00:00:00-04:00,143.8062903325165,143.70742797851562,74150700
738,2021-09-28 00:00:00-04:00,141.61168898909207,140.28701782226562,108972300
739,2021-09-29 00:00:00-04:00,140.84058884157852,141.19647216796875,74602000
740,2021-09-30 00:00:00-04:00,142.0170143210056,139.8817138671875,89056700
741,2021-10-01 00:00:00-04:00,140.27708664538704,141.0185089111328,94639600
742,2021-10-04 00:00:00-04:00,140.1387216988855,137.54869079589844,98322000
743,2021-10-05 00:00:00-04:00,137.89468721630269,139.49615478515625,80861100
744,2021-10-06 00:00:00-04:00,137.87491283471317,140.3759765625,83221100
745,2021-10-07 00:00:00-04:00,141.42384928671154,141.65121459960938,61732700
746,2021-10-08 00:00:00-04:00,142.3827366045389,141.26565551757812,58773200
747,2021-10-11 00:00:00-04:00,140.6428793295359,141.17669677734375,64452200
748,2021-10-12 00:00:00-04:00,141.59191637613458,139.89158630371094,73035900
749,2021-10-13 00:00:00-04:00,139.6246590327714,139.29843139648438,78762700
750,2021-10-14 00:00:00-04:00,140.48472142833924,142.1158447265625,69907100
751,2021-10-15 00:00:00-04:00,142.12573218289566,143.18348693847656,67940300
752,2021-10-18 00:00:00-04:00,141.80936516621216,144.87391662597656,85589200
753,2021-10-19 00:00:00-04:00,145.32865412253392,147.0586395263672,76378900
754,2021-10-20 00:00:00-04:00,146.99933977973544,147.5529327392578,58418800
755,2021-10-21 00:00:00-04:00,147.10809594609353,147.7704315185547,61421000
756,2021-10-22 00:00:00-04:00,147.97803468137417,146.98947143554688,58883400
757,2021-10-25 00:00:00-04:00,146.97955358687707,146.9400177001953,50720600
758,2021-10-26 00:00:00-04:00,147.62212385262427,147.61224365234375,60893400
759,2021-10-27 00:00:00-04:00,147.65179055305242,147.1476287841797,56094900
760,2021-10-28 00:00:00-04:00,148.10653981207022,150.82508850097656,100077900
761,2021-10-29 00:00:00-04:00,145.53628175780656,148.08677673339844,124953200
762,2021-11-01 00:00:00-04:00,147.2860186006731,147.25636291503906,74588300
763,2021-11-02 00:00:00-04:00,146.95978341440417,148.30422973632812,69122000
764,2021-11-03 00:00:00-04:00,148.6700207230748,149.7574462890625,54511500
765,2021-11-04 00:00:00-04:00,149.846409597594,149.23350524902344,60394600
766,2021-11-05 00:00:00-04:00,150.37201646989763,149.7681121826172,65463900
767,2021-11-08 00:00:00-05:00,149.89678451299417,148.9364776611328,55020900
768,2021-11-09 00:00:00-05:00,148.6988759772813,149.3027801513672,56787900
769,2021-11-10 00:00:00-05:00,148.52068400717204,146.44166564941406,65187100
770,2021-11-11 00:00:00-05:00,147.47129940997283,146.39218139648438,41000000
771,2021-11-12 00:00:00-05:00,146.94659044912294,148.4910125732422,63804000
772,2021-11-15 00:00:00-05:00,148.86719765520343,148.5009002685547,59222800
773,2021-11-16 00:00:00-05:00,148.44148666872366,149.4908905029297,59256200
774,2021-11-17 00:00:00-05:00,149.49087380497758,151.95599365234375,88807000
775,2021-11-18 00:00:00-05:00,152.1737932951186,156.29220581054688,137827700
776,2021-11-19 00:00:00-05:00,156.07443864639328,158.94546508789062,117305600
777,2021-11-22 00:00:00-05:00,160.0641437440852,159.41075134277344,117467900
778,2021-11-23 00:00:00-05:00,159.50974956386625,159.79685974121094,96041900
779,2021-11-24 00:00:00-05:00,159.1434693863129,160.3215789794922,69463600
780,2021-11-26 00:00:00-05:00,157.97523889249956,155.24281311035156,76959800
781,2021-11-29 00:00:00-05:00,157.7772344051081,158.6385498046875,88748200
782,2021-11-30 00:00:00-05:00,158.39103600928925,163.64796447753906,174048100
783,2021-12-01 00:00:00-05:00,165.80618327618268,163.12327575683594,152052500
784,2021-12-02 00:00:00-05:00,157.15353357585082,162.12335205078125,136739200
785,2021-12-03 00:00:00-05:00,162.38077013160932,160.22254943847656,118023100
786,2021-12-06 00:00:00-05:00,162.64806565101773,163.66778564453125,107497000
787,2021-12-07 00:00:00-05:00,167.39018930386322,169.4691925048828,120405400
788,2021-12-08 00:00:00-05:00,170.409746401132,173.33026123046875,116998900
789,2021-12-09 00:00:00-05:00,173.16192251004455,172.81541442871094,108923700
790,2021-12-10 00:00:00-05:00,173.45893984099092,177.65655517578125,115402700
791,2021-12-13 00:00:00-05:00,179.30986405623077,173.983642578125,153237000
792,2021-12-14 00:00:00-05:00,173.49852635355558,172.5877227783203,139380400
793,2021-12-15 00:00:00-05:00,173.35994450416152,177.50807189941406,131063300
794,2021-12-16 00:00:00-05:00,177.48823595486076,170.53839111328125,150185800
795,2021-12-17 00:00:00-05:00,168.23169740554994,169.4296112060547,195432700
796,2021-12-20 00:00:00-05:00,166.59820259606332,168.0535125732422,107499100
797,2021-12-21 00:00:00-05:00,169.8454073849767,171.26112365722656,91185900
798,2021-12-22 00:00:00-05:00,171.31062205547954,173.8846435546875,92135300
799,2021-12-23 00:00:00-05:00,174.09253897814705,174.5182342529297,68356600
800,2021-12-27 00:00:00-05:00,175.32014634774714,178.52777099609375,74919600
801,2021-12-28 00:00:00-05:00,178.35946910404095,177.49815368652344,79144300
802,2021-12-29 00:00:00-05:00,177.53777695241328,177.5872802734375,62348900
803,2021-12-30 00:00:00-05:00,177.67634850608343,176.41903686523438,59773000
804,2021-12-31 00:00:00-05:00,176.3101565990726,175.7953643798828,64062300
805,2022-01-03 00:00:00-05:00,176.05273153315613,180.19094848632807,104487900
806,2022-01-04 00:00:00-05:00,180.80479331127543,177.90406799316406,99310400
807,2022-01-05 00:00:00-05:00,177.81495928505203,173.1718292236328,94537600
808,2022-01-06 00:00:00-05:00,170.97400693173066,170.281005859375,96904000
809,2022-01-07 00:00:00-05:00,171.1621310664169,170.44932556152344,86709100
810,2022-01-10 00:00:00-05:00,167.39021227929703,170.46913146972656,106765600
811,2022-01-11 00:00:00-05:00,170.59784996783833,173.33026123046875,76138300
812,2022-01-12 00:00:00-05:00,174.3598414567004,173.77574157714844,74805200
813,2022-01-13 00:00:00-05:00,174.02324929900044,170.46913146972656,84505800
814,2022-01-14 00:00:00-05:00,169.6275958048007,171.34031677246094,80440800
815,2022-01-18 00:00:00-05:00,169.79591378738644,168.10301208496094,90956700
816,2022-01-19 00:00:00-05:00,168.3010063567733,164.5686798095703,94815000
817,2022-01-20 00:00:00-05:00,165.31120666477798,162.8658905029297,91420500
818,2022-01-21 00:00:00-05:00,162.77680259232855,160.78689575195312,122848900
819,2022-01-24 00:00:00-05:00,158.42074513925402,160.00474548339844,162294600
820,2022-01-25 00:00:00-05:00,157.39111309025395,158.18312072753906,115798400
821,2022-01-26 00:00:00-05:00,161.86594424469712,158.09402465820312,108275300
822,2022-01-27 00:00:00-05:00,160.8264531858642,157.6287384033203,121954600
823,2022-01-28 00:00:00-05:00,164.05387854317476,168.62770080566406,179935700
824,2022-01-31 00:00:00-05:00,168.45941112213438,173.03323364257812,115541600
825,2022-02-01 00:00:00-05:00,172.27091962221414,172.86492919921875,86213900
826,2022-02-02 00:00:00-05:00,173.00352358369815,174.08262634277344,84914300
827,2022-02-03 00:00:00-05:00,172.73622344797076,171.17201232910156,89418100
828,2022-02-04 00:00:00-05:00,170.18076083066512,170.8845672607422,82465400
829,2022-02-07 00:00:00-05:00,171.35045208596668,170.1609344482422,77251200
830,2022-02-08 00:00:00-05:00,170.23030369511724,173.30323791503906,74829200
831,2022-02-09 00:00:00-05:00,174.51259810039994,174.74058532714844,71285000
832,2022-02-10 00:00:00-05:00,172.6192769056575,170.61691284179688,90865900
833,2022-02-11 00:00:00-05:00,170.8250756936081,167.16729736328125,98670700
834,2022-02-14 00:00:00-05:00,165.90837410237492,167.4051971435547,86185500
835,2022-02-15 00:00:00-05:00,169.47696830769834,171.28106689453125,62527400
836,2022-02-16 00:00:00-05:00,170.349283063953,171.0431671142578,61177400
837,2022-02-17 00:00:00-05:00,169.53641541506147,167.4051971435547,69589300
838,2022-02-18 00:00:00-05:00,168.33701756828623,165.83901977539062,82772700
839,2022-02-22 00:00:00-05:00,163.53928048685717,162.8850555419922,91162800
840,2022-02-23 00:00:00-05:00,164.09436738459527,158.67214965820312,90009200
841,2022-02-24 00:00:00-05:00,151.24756814517974,161.31884765625,141147500
842,2022-02-25 00:00:00-05:00,162.40921086021282,163.410400390625,91974200
843,2022-02-28 00:00:00-05:00,161.63603148488517,163.67803955078125,95056600
844,2022-03-01 00:00:00-05:00,163.26171165329615,161.77481079101562,83474400
845,2022-03-02 00:00:00-05:00,162.9544206584898,165.10546875,79724800
846,2022-03-03 00:00:00-05:00,166.9987949165887,164.77835083007812,76678400
847,2022-03-04 00:00:00-05:00,163.0535360271563,161.74505615234375,83737200
848,2022-03-07 00:00:00-05:00,161.9334170899732,157.90887451171875,96418800
849,2022-03-08 00:00:00-05:00,157.43306281915162,156.0651092529297,131148300
850,2022-03-09 00:00:00-05:00,160.06982875344372,161.52699279785156,91454900
851,2022-03-10 00:00:00-05:00,158.801033633044,157.13571166992188,105342000
852,2022-03-11 00:00:00-05:00,157.54210378976572,153.3787841796875,96970100
853,2022-03-14 00:00:00-04:00,150.12739520944433,149.3046417236328,108732100
854,2022-03-15 00:00:00-04:00,149.582214237944,153.73562622070312,92964300
855,2022-03-16 00:00:00-04:00,155.67852271027488,158.1963348388672,102300200
856,2022-03-17 00:00:00-04:00,157.22491946515905,159.2173614501953,75615400
857,2022-03-18 00:00:00-04:00,159.10832041863992,162.5480194091797,123511700
858,2022-03-21 00:00:00-04:00,162.08209579185905,163.93577575683594,95811400
859,2022-03-22 00:00:00-04:00,164.06462655064755,167.34573364257812,81532000
860,2022-03-23 00:00:00-04:00,166.52298782878287,168.72360229492188,98062700
861,2022-03-24 00:00:00-04:00,169.56615716368157,172.5498809814453,90131400
862,2022-03-25 00:00:00-04:00,172.36155301338798,173.1942138671875,80546200
863,2022-03-28 00:00:00-04:00,170.6664739209418,174.0665283203125,90371900
864,2022-03-29 00:00:00-04:00,175.14700548096687,177.39718627929688,100589400
865,2022-03-30 00:00:00-04:00,176.9907776079845,176.21759033203125,92633200
866,2022-03-31 00:00:00-04:00,176.2869479913568,173.0851593017578,103049300
867,2022-04-01 00:00:00-04:00,172.510242393976,172.7877960205078,78751300
868,2022-04-04 00:00:00-04:00,173.04549988295227,176.88169860839844,76468400
869,2022-04-05 00:00:00-04:00,175.94992914503712,173.53123474121094,73401800
870,2022-04-06 00:00:00-04:00,170.85482294442838,170.32945251464844,89058800
871,2022-04-07 00:00:00-04:00,169.665296394738,170.63673400878906,77594700
872,2022-04-08 00:00:00-04:00,170.27988886638815,168.60464477539062,76575500
873,2022-04-11 00:00:00-04:00,167.23669353531054,164.3025360107422,72246700
874,2022-04-12 00:00:00-04:00,166.55273390376584,166.1958770751953,79265200
875,2022-04-13 00:00:00-04:00,165.92823240654593,168.9119415283203,70618900
876,2022-04-14 00:00:00-04:00,169.1300138915177,163.8465576171875,75329400
877,2022-04-18 00:00:00-04:00,162.48851268314175,163.62847900390625,69023900
878,2022-04-19 00:00:00-04:00,163.5789349677204,165.93814086914062,67723800
879,2022-04-20 00:00:00-04:00,167.2862451309006,165.7696075439453,67929800
880,2022-04-21 00:00:00-04:00,167.4349663904133,164.96670532226562,87227800
881,2022-04-22 00:00:00-04:00,165.0063366187588,160.37710571289062,84882400
882,2022-04-25 00:00:00-04:00,159.71295598686078,161.4575958251953,96046400
883,2022-04-26 00:00:00-04:00,160.8331133962531,155.4307098388672,95623200
884,2022-04-27 00:00:00-04:00,154.54848822398645,155.20272827148438,88063200
885,2022-04-28 00:00:00-04:00,157.85930550689923,162.21096801757812,130216800
886,2022-04-29 00:00:00-04:00,160.42668168455637,156.2732696533203,131747600
887,2022-05-02 00:00:00-04:00,155.3414824629177,156.58056640625,123055300
888,2022-05-03 00:00:00-04:00,156.7689082851918,158.08729553222656,88966500
889,2022-05-04 00:00:00-04:00,158.27563744334842,164.5701904296875,108256500
890,2022-05-05 00:00:00-04:00,162.4191443788186,155.40097045898438,130525300
891,2022-05-06 00:00:00-04:00,154.87481106491109,156.1355743408203,116124600
892,2022-05-09 00:00:00-04:00,153.80267975410607,150.9535675048828,131577900
893,2022-05-10 00:00:00-04:00,154.38838751775543,153.38572692871094,115366700
894,2022-05-11 00:00:00-04:00,152.38308684573647,145.43402099609375,142689800
895,2022-05-12 00:00:00-04:00,141.7311531823983,141.52267456054688,182602000
896,2022-05-13 00:00:00-04:00,143.53791338166033,146.03958129882812,113990900
897,2022-05-16 00:00:00-04:00,144.49092447949562,144.48098754882812,86643800
898,2022-05-17 00:00:00-04:00,147.77685863691127,148.1540985107422,78336300
899,2022-05-18 00:00:00-04:00,145.7814714098873,139.79534912109375,109742900
900,2022-05-19 00:00:00-04:00,138.86219085230277,136.35060119628906,136095600
901,2022-05-20 00:00:00-04:00,138.07793749703902,136.58885192871094,137426100
902,2022-05-23 00:00:00-04:00,136.78738280792436,142.0686798095703,117726300
903,2022-05-24 00:00:00-04:00,139.78542197691854,139.3386993408203,104132700
904,2022-05-25 00:00:00-04:00,137.42273921872214,139.49754333496094,92482700
905,2022-05-26 00:00:00-04:00,136.390306674351,142.7338104248047,90601500
906,2022-05-27 00:00:00-04:00,144.33208731118634,148.55116271972656,90978500
907,2022-05-31 00:00:00-04:00,147.98534115997575,147.7570037841797,103718400
908,2022-06-01 00:00:00-04:00,148.80928878088795,147.62796020507812,74286600
909,2022-06-02 00:00:00-04:00,146.75434553594118,150.10975646972656,72348100
910,2022-06-03 00:00:00-04:00,145.83110316602864,144.32217407226562,88570300
911,2022-06-06 00:00:00-04:00,145.96016840882157,145.07664489746094,71598400
912,2022-06-07 00:00:00-04:00,143.29968391202706,147.62796020507812,67808200
913,2022-06-08 00:00:00-04:00,147.49887612629806,146.88339233398438,53950200
914,2022-06-09 00:00:00-04:00,146.00980758802268,141.60211181640625,69473000
915,2022-06-10 00:00:00-04:00,139.2592912691002,136.13221740722656,91437900
916,2022-06-13 00:00:00-04:00,131.90318157952225,130.92039489746094,122207100
917,2022-06-14 00:00:00-04:00,132.1612938518171,131.79397583007812,84784300
918,2022-06-15 00:00:00-04:00,133.3128452651217,134.44454956054688,91533000
919,2022-06-16 00:00:00-04:00,131.11893816537355,129.11363220214844,108123900
920,2022-06-17 00:00:00-04:00,129.12357361047205,130.60272216796875,134520300
921,2022-06-21 00:00:00-04:00,132.44917792041107,134.88134765625,81000500
922,2022-06-22 00:00:00-04:00,133.8092200881335,134.3651580810547,73409200
923,2022-06-23 00:00:00-04:00,135.8244394220647,137.26388549804688,72433800
924,2022-06-24 00:00:00-04:00,138.88205361885096,140.62925720214844,89116800
925,2022-06-27 00:00:00-04:00,141.6616832895635,140.62925720214844,70207900
926,2022-06-28 00:00:00-04:00,141.0958177663617,136.43994140625,67083400
927,2022-06-29 00:00:00-04:00,136.45980887173667,138.2169189453125,66242400
928,2022-06-30 00:00:00-04:00,136.25133157263517,135.72518920898438,98964500
929,2022-07-01 00:00:00-04:00,135.05011204008952,137.91908264160156,71051600
930,2022-07-05 00:00:00-04:00,136.76755200431583,140.52996826171875,73353800
931,2022-07-06 00:00:00-04:00,140.32148253273485,141.8800506591797,74064300
932,2022-07-07 00:00:00-04:00,142.24737835712057,145.28512573242188,66253700
933,2022-07-08 00:00:00-04:00,144.20303064540428,145.97007751464844,64547800
934,2022-07-11 00:00:00-04:00,144.61006949528064,143.81588745117188,63141600
935,2022-07-12 00:00:00-04:00,144.6993818623864,144.7986602783203,77588800
936,2022-07-13 00:00:00-04:00,141.9495568989296,144.43136596679688,71185600
937,2022-07-14 00:00:00-04:00,143.03162281354528,147.38967895507812,78140700
938,2022-07-15 00:00:00-04:00,148.6901394277396,149.07730102539062,76259900
939,2022-07-18 00:00:00-04:00,149.6431719936292,145.9998779296875,81420900
940,2022-07-19 00:00:00-04:00,146.84366993600693,149.90126037597656,82982400
941,2022-07-20 00:00:00-04:00,150.02039451145652,151.92642211914062,64823400
942,2022-07-21 00:00:00-04:00,153.37579861856642,154.21961975097656,65086600
943,2022-07-22 00:00:00-04:00,154.2593396537058,152.9687957763672,66675400
944,2022-07-25 00:00:00-04:00,152.8893819375884,151.83709716796875,53623900
945,2022-07-26 00:00:00-04:00,151.15208852363122,150.4969024658203,55138700
946,2022-07-27 00:00:00-04:00,151.46978118666814,155.64913940429688,78620700
947,2022-07-28 00:00:00-04:00,155.83776006052878,156.205078125,81378700
948,2022-07-29 00:00:00-04:00,160.0667665213561,161.3275146484375,101786900
949,2022-08-01 00:00:00-04:00,159.83843126014725,160.3347930908203,67829400
950,2022-08-02 00:00:00-04:00,158.9350444969301,158.84568786621094,59907000
951,2022-08-03 00:00:00-04:00,159.6696716507556,164.9211883544922,82507500
952,2022-08-04 00:00:00-04:00,164.802057337078,164.603515625,55474100
953,2022-08-05 00:00:00-04:00,162.24749888246296,164.3748779296875,56697000
954,2022-08-08 00:00:00-04:00,165.38884371034115,163.89768981933594,60276900
955,2022-08-09 00:00:00-04:00,163.0527014843705,163.9473876953125,63135500
956,2022-08-10 00:00:00-04:00,166.6911304336887,168.241943359375,70170500
957,2022-08-11 00:00:00-04:00,169.05708634936434,167.49635314941406,57149200
958,2022-08-12 00:00:00-04:00,168.81849992196163,171.08505249023438,68039400
959,2022-08-15 00:00:00-04:00,170.50847542217082,172.1686248779297,54091700
960,2022-08-16 00:00:00-04:00,171.7610416171049,172.0095672607422,56377100
961,2022-08-17 00:00:00-04:00,171.75111318137942,173.52061462402344,79542000
962,2022-08-18 00:00:00-04:00,172.7253203644866,173.12295532226562,62290100
963,2022-08-19 00:00:00-04:00,172.00957336680574,170.50848388671875,70346300
964,2022-08-22 00:00:00-04:00,168.68927985776972,166.581787109375,69026800
965,2022-08-23 00:00:00-04:00,166.09468033591187,166.24378967285156,54147100
966,2022-08-24 00:00:00-04:00,166.3332543947156,166.54200744628906,53841500
967,2022-08-25 00:00:00-04:00,167.78462403303894,169.02725219726562,51218200
968,2022-08-26 00:00:00-04:00,169.56408490295894,162.65505981445312,78961000
969,2022-08-29 00:00:00-04:00,160.19962917008817,160.42828369140625,73314000
970,2022-08-30 00:00:00-04:00,161.1738819056863,157.97286987304688,77906200
971,2022-08-31 00:00:00-04:00,159.36457407899903,156.2928009033203,87991100
972,2022-09-01 00:00:00-04:00,155.71621976160532,157.0284423828125,74229900
973,2022-09-02 00:00:00-04:00,158.80787968932827,154.89111328125,76957800
974,2022-09-06 00:00:00-04:00,155.5472289986997,153.61866760253906,73714800
975,2022-09-07 00:00:00-04:00,153.90697629529427,155.04025268554688,87449600
976,2022-09-08 00:00:00-04:00,153.7280187035282,153.54908752441406,84923800
977,2022-09-09 00:00:00-04:00,154.5531361311841,156.44192504882812,68028800
978,2022-09-12 00:00:00-04:00,158.64883604164,162.4661865234375,104956000
979,2022-09-13 00:00:00-04:00,158.95699854403776,152.9327392578125,122656600
980,2022-09-14 00:00:00-04:00,153.87712067565602,154.39405822753906,87965400
981,2022-09-15 00:00:00-04:00,153.73795769473188,151.47140502929688,90481100
982,2022-09-16 00:00:00-04:00,150.31825077946388,149.81124877929688,162278800
983,2022-09-19 00:00:00-04:00,148.42943146380267,153.56893920898438,81474200
984,2022-09-20 00:00:00-04:00,152.49534162573696,155.97470092773438,107689800
985,2022-09-21 00:00:00-04:00,156.4120924418145,152.81344604492188,101696800
986,2022-09-22 00:00:00-04:00,151.4813406403706,151.83921813964844,86652500
987,2022-09-23 00:00:00-04:00,150.29837436292604,149.5428466796875,96029900
988,2022-09-26 00:00:00-04:00,148.77738969069833,149.88084411621094,93339400
989,2022-09-27 00:00:00-04:00,151.83925232246676,150.86502075195312,84442700
990,2022-09-28 00:00:00-04:00,146.76930666824035,148.95632934570312,146691400
991,2022-09-29 00:00:00-04:00,145.23838621764293,141.6397247314453,128138200
992,2022-09-30 00:00:00-04:00,140.44680154345667,137.3849639892578,124925300
993,2022-10-03 00:00:00-04:00,137.3949238392378,141.6099090576172,114311700
994,2022-10-04 00:00:00-04:00,144.17470620314427,145.2384033203125,87830100
995,2022-10-05 00:00:00-04:00,143.2203452486238,145.53659057617188,79471000
996,2022-10-06 00:00:00-04:00,144.9501057820799,144.5723419189453,68402200
997,2022-10-07 00:00:00-04:00,141.69937270940258,139.26382446289062,85925600
998,2022-10-10 00:00:00-04:00,139.5918731689453,139.5918731689453,74899000
999,2022-10-11 00:00:00-04:00,139.0749424101852,138.16036987304688,77033700
1000,2022-10-12 00:00:00-04:00,138.30948889206942,137.52413940429688,70433700
1001,2022-10-13 00:00:00-04:00,134.19392255258623,142.14674377441406,113224000
1002,2022-10-14 00:00:00-04:00,143.45894005117427,137.5639190673828,88598000
1003,2022-10-17 00:00:00-04:00,140.23806602152203,141.57015991210938,85250900
1004,2022-10-18 00:00:00-04:00,144.63199622376135,142.90225219726562,99136600
1005,2022-10-19 00:00:00-04:00,140.85441094634697,143.01161193847656,61758300
1006,2022-10-20 00:00:00-04:00,142.17655944712342,142.54437255859375,64522000
1007,2022-10-21 00:00:00-04:00,142.02744366557388,146.40150451660156,86548600
1008,2022-10-24 00:00:00-04:00,146.32195253704597,148.56861877441406,75981900
1009,2022-10-25 00:00:00-04:00,149.20485846245998,151.44158935546875,74732300
1010,2022-10-26 00:00:00-04:00,150.06972874670515,148.46922302246094,88194300
1011,2022-10-27 00:00:00-04:00,147.1967799449892,143.94606018066406,109180200
1012,2022-10-28 00:00:00-04:00,147.32602068604265,154.82156372070312,164762400
1013,2022-10-31 00:00:00-04:00,152.256753022807,152.43568420410156,97943200
1014,2022-11-01 00:00:00-04:00,154.16541760986726,149.76153564453125,80379300
1015,2022-11-02 00:00:00-04:00,148.07157822100177,144.17469787597656,93604600
1016,2022-11-03 00:00:00-04:00,141.22221311216924,138.06097412109375,97918500
1017,2022-11-04 00:00:00-04:00,141.4863442652948,137.7921142578125,140814800
1018,2022-11-07 00:00:00-05:00,136.52751065278036,138.32981872558594,83374600
1019,2022-11-08 00:00:00-05:00,139.81350159651424,138.90736389160156,89908500
1020,2022-11-09 00:00:00-05:00,137.91161113901825,134.29702758789062,74917800
1021,2022-11-10 00:00:00-05:00,140.63996153548408,146.24603271484375,118854000
1022,2022-11-11 00:00:00-05:00,145.20050476633057,149.0640106201172,93979700
1023,2022-11-14 00:00:00-05:00,148.3371260080859,147.65005493164062,73374100
1024,2022-11-15 00:00:00-05:00,151.5733191551412,149.40257263183594,89868300
1025,2022-11-16 00:00:00-05:00,148.4964498019785,148.1578826904297,64218300
1026,2022-11-17 00:00:00-05:00,145.80791337597523,150.07969665527344,80389400
1027,2022-11-18 00:00:00-05:00,151.66294888657788,150.64727783203125,74829600
1028,2022-11-21 00:00:00-05:00,149.5220702151217,147.38119506835938,58724100
1029,2022-11-22 00:00:00-05:00,147.50069818193344,149.54197692871094,51804100
1030,2022-11-23 00:00:00-05:00,148.81507941037853,150.42820739746094,58301400
1031,2022-11-25 00:00:00-05:00,147.6799212121765,147.48077392578125,35195900
1032,2022-11-28 00:00:00-05:00,144.52340482763742,143.60731506347656,69246000
1033,2022-11-29 00:00:00-05:00,143.67700718894477,140.5702667236328,83763800
1034,2022-11-30 00:00:00-05:00,140.7992698334425,147.40110778808594,111380900
1035,2022-12-01 00:00:00-05:00,147.5803655873785,147.679931640625,71250400
1036,2022-12-02 00:00:00-05:00,145.3399211304143,147.1820526123047,65447400
1037,2022-12-05 00:00:00-05:00,147.14223643515055,146.007080078125,68826400
1038,2022-12-06 00:00:00-05:00,146.44520220755183,142.30287170410156,64727200
1039,2022-12-07 00:00:00-05:00,141.58593718829042,140.34124755859375,69721100
1040,2022-12-08 00:00:00-05:00,141.75521451855485,142.04397583007812,62128300
1041,2022-12-09 00:00:00-05:00,141.73530407628854,141.5560760498047,76097000
1042,2022-12-12 00:00:00-05:00,142.0937557270374,143.87615966796875,70462700
1043,2022-12-13 00:00:00-05:00,148.86488325091187,144.8520050048828,93886200
1044,2022-12-14 00:00:00-05:00,144.73251631608284,142.6016082763672,82291200
1045,2022-12-15 00:00:00-05:00,140.51050508121068,135.9200897216797,98931900
1046,2022-12-16 00:00:00-05:00,136.10929941726744,133.9385528564453,160156900
1047,2022-12-19 00:00:00-05:00,134.5360128336952,131.80764770507812,79592600
1048,2022-12-20 00:00:00-05:00,130.83180791393468,131.73794555664062,77432800
1049,2022-12-21 00:00:00-05:00,132.41504971246266,134.8745574951172,85928000
1050,2022-12-22 00:00:00-05:00,133.7792473500558,131.66824340820312,77852100
1051,2022-12-23 00:00:00-05:00,130.3638109159962,131.29981994628906,63814900
1052,2022-12-27 00:00:00-05:00,130.8218556336214,129.4775848388672,69007800
1053,2022-12-28 00:00:00-05:00,129.1191231110853,125.50454711914062,85438400
1054,2022-12-29 00:00:00-05:00,127.4462515405288,129.0593719482422,75703700
1055,2022-12-30 00:00:00-05:00,127.86447439683816,129.3780059814453,77034200
1056,2023-01-03 00:00:00-05:00,129.72652330947574,124.53865814208984,112117500
1057,2023-01-04 00:00:00-05:00,126.3509359813224,125.82318878173828,89113600
1058,2023-01-05 00:00:00-05:00,126.5899053156845,124.4888687133789,80962700
1059,2023-01-06 00:00:00-05:00,125.47467913806167,129.0693359375,87754700
1060,2023-01-09 00:00:00-05:00,129.91572425001743,129.59707641601562,70790800
1061,2023-01-10 00:00:00-05:00,129.70661704560004,130.17462158203125,63896200
1062,2023-01-11 00:00:00-05:00,130.69240810406382,132.9228973388672,69458900
1063,2023-01-12 00:00:00-05:00,133.3112510044813,132.84324645996094,71379600
1064,2023-01-13 00:00:00-05:00,131.46910198410689,134.1875,57809700
1065,2023-01-17 00:00:00-05:00,134.2572028042204,135.36248779296875,63646600
1066,2023-01-18 00:00:00-05:00,136.2387503914665,134.63558959960938,69672800
1067,2023-01-19 00:00:00-05:00,133.51039600808355,134.69534301757812,58280400
1068,2023-01-20 00:00:00-05:00,134.70529315837544,137.28428649902344,80223600
1069,2023-01-23 00:00:00-05:00,137.5332253936084,140.51052856445312,81760300
1070,2023-01-24 00:00:00-05:00,139.71391433089494,141.9244842529297,66435100
1071,2023-01-25 00:00:00-05:00,140.29145909450676,141.25733947753906,65799300
1072,2023-01-26 00:00:00-05:00,142.56176685005863,143.34841918945312,54105100
1073,2023-01-27 00:00:00-05:00,142.55180700066197,145.31002807617188,70555800
1074,2023-01-30 00:00:00-05:00,144.34418196807016,142.3925018310547,64015300
1075,2023-01-31 00:00:00-05:00,142.09376044245727,143.677001953125,65874500
1076,2023-02-01 00:00:00-05:00,143.35836020889653,144.81214904785156,77663600
1077,2023-02-02 00:00:00-05:00,148.26741891841775,150.1792755126953,118339000
1078,2023-02-03 00:00:00-05:00,147.4011136222281,153.8436279296875,154357300
1079,2023-02-06 00:00:00-05:00,151.92184643028435,151.0854034423828,69858300
1080,2023-02-07 00:00:00-05:00,150.00003731968235,153.9929962158203,83322600
1081,2023-02-08 00:00:00-05:00,153.226277194696,151.27459716796875,64120100
1082,2023-02-09 00:00:00-05:00,153.12670624374203,150.22906494140625,56007100
1083,2023-02-10 00:00:00-05:00,149.05227830908004,150.59803771972656,57450700
1084,2023-02-13 00:00:00-05:00,150.53821499488507,153.43031311035156,62199000
1085,2023-02-14 00:00:00-05:00,151.70501834189514,152.78207397460938,61707600
1086,2023-02-15 00:00:00-05:00,152.69232014892478,154.90626525878906,65573800
1087,2023-02-16 00:00:00-05:00,153.09122860450034,153.2906951904297,68167900
1088,2023-02-17 00:00:00-05:00,151.9343987365603,152.13385009765625,59144100
1089,2023-02-21 00:00:00-05:00,149.79026033202973,148.074951171875,58867200
1090,2023-02-22 00:00:00-05:00,148.4638847761934,148.5037841796875,51011300
1091,2023-02-23 00:00:00-05:00,149.6805517596547,148.992431640625,48394200
1092,2023-02-24 00:00:00-05:00,146.70868665446164,146.30978393554688,55469600
1093,2023-02-27 00:00:00-05:00,147.30706088375035,147.5164794921875,44998500
1094,2023-02-28 00:00:00-05:00,146.64885499581445,147.00787353515625,50547000
1095,2023-03-01 00:00:00-05:00,146.429447153159,144.91358947753906,55479000
1096,2023-03-02 00:00:00-05:00,143.98613792997796,145.511962890625,52238100
1097,2023-03-03 00:00:00-05:00,147.6361473136511,150.6179962158203,70732300
1098,2023-03-06 00:00:00-05:00,153.37045521237906,153.4103546142578,87558000
1099,2023-03-07 00:00:00-05:00,153.28070929438476,151.1864471435547,56182000
1100,2023-03-08 00:00:00-05:00,152.3931385242488,152.45297241210938,47204800
1101,2023-03-09 00:00:00-05:00,153.14108296077163,150.17918395996094,53833600
1102,2023-03-10 00:00:00-05:00,149.8002362524736,148.0948944091797,68572400
1103,2023-03-13 00:00:00-04:00,147.40677726716032,150.0595245361328,84457100
1104,2023-03-14 00:00:00-04:00,150.8673126376957,152.17373657226562,73695900
1105,2023-03-15 00:00:00-04:00,150.77756955012714,152.57266235351562,77167900
1106,2023-03-16 00:00:00-04:00,151.7449142739004,155.4248504638672,76161100
1107,2023-03-17 00:00:00-04:00,155.65421930810345,154.57716369628906,98944600
1108,2023-03-20 00:00:00-04:00,154.6469811314396,156.97061157226562,73641400
1109,2023-03-21 00:00:00-04:00,156.89082975182507,158.84547424316406,73938300
1110,2023-03-22 00:00:00-04:00,158.86543566533695,157.39944458007812,75701800
1111,2023-03-23 00:00:00-04:00,158.39671137504916,158.49642944335938,67622100
1112,2023-03-24 00:00:00-04:00,158.42664336848875,159.81285095214844,59196500
1113,2023-03-27 00:00:00-04:00,159.50369610096052,157.8482208251953,52390300
1114,2023-03-28 00:00:00-04:00,157.53905927142972,157.2199249267578,45992200
1115,2023-03-29 00:00:00-04:00,158.93524611845635,160.33143615722656,51305700
1116,2023-03-30 00:00:00-04:00,161.08936132876573,161.91709899902344,49501700
1117,2023-03-31 00:00:00-04:00,161.99686889563043,164.4501495361328,68749800
1118,2023-04-03 00:00:00-04:00,163.82187930861286,165.71669006347656,56976200
1119,2023-04-04 00:00:00-04:00,166.14553199962918,165.1781768798828,46278300
1120,2023-04-05 00:00:00-04:00,164.29060048990766,163.31326293945312,51511700
1121,2023-04-06 00:00:00-04:00,161.9868878556693,164.2108154296875,45390100
1122,2023-04-10 00:00:00-04:00,160.97964564439798,161.58798217773438,47716900
1123,2023-04-11 00:00:00-04:00,161.90711805363685,160.36134338378906,47644200
1124,2023-04-12 00:00:00-04:00,160.78019355816653,159.6632537841797,50133100
1125,2023-04-13 00:00:00-04:00,161.18908093947846,165.1083526611328,68445600
1126,2023-04-14 00:00:00-04:00,164.14100409752754,164.7593231201172,49386500
1127,2023-04-17 00:00:00-04:00,164.63963362494738,164.7792510986328,41516200
1128,2023-04-18 00:00:00-04:00,165.64689859925232,166.01588439941406,49923000
1129,2023-04-19 00:00:00-04:00,165.3477196958388,167.1727294921875,47720200
1130,2023-04-20 00:00:00-04:00,165.6369036471401,166.19537353515625,52456400
1131,2023-04-21 00:00:00-04:00,164.5997564219433,164.56983947753906,58337300
1132,2023-04-24 00:00:00-04:00,164.54988095597378,164.8789825439453,41949600
1133,2023-04-25 00:00:00-04:00,164.7393666230018,163.3232421875,48714100
1134,2023-04-26 00:00:00-04:00,162.61517555853104,163.31326293945312,45498800
1135,2023-04-27 00:00:00-04:00,164.73937477582913,167.95059204101562,64902300
1136,2023-04-28 00:00:00-04:00,168.03037633025767,169.2171173095703,55209200
1137,2023-05-01 00:00:00-04:00,168.81821320825165,169.1273651123047,52472900
1138,2023-05-02 00:00:00-04:00,169.62599009081742,168.08021545410156,48425700
1139,2023-05-03 00:00:00-04:00,169.03760523848953,166.99319458007812,65136000
1140,2023-05-04 00:00:00-04:00,164.44018404024763,165.3377227783203,81235400
1141,2023-05-05 00:00:00-04:00,170.51356574360037,173.0965118408203,113316400
1142,2023-05-08 00:00:00-04:00,172.00946594700244,173.0266876220703,55962800
1143,2023-05-09 00:00:00-04:00,172.57792910959586,171.30142211914062,45326900
1144,2023-05-10 00:00:00-04:00,172.54801238745625,173.08653259277344,53724500
1145,2023-05-11 00:00:00-04:00,173.3757495258057,173.27601623535156,49514700
1146,2023-05-12 00:00:00-04:00,173.38585205810793,172.3372802734375,45497800
1147,2023-05-15 00:00:00-04:00,172.92649337143334,171.8379669189453,37266700
1148,2023-05-16 00:00:00-04:00,171.75807297221974,171.8379669189453,42110300
1149,2023-05-17 00:00:00-04:00,171.47844864012495,172.45712280273438,57951600
1150,2023-05-18 00:00:00-04:00,172.76669586509925,174.81393432617188,65496700
1151,2023-05-19 00:00:00-04:00,176.15213466613238,174.92379760742188,55772400
1152,2023-05-22 00:00:00-04:00,173.74536810250643,173.96507263183594,43570900
1153,2023-05-23 00:00:00-04:00,172.89653392147025,171.32864379882812,50747300
1154,2023-05-24 00:00:00-04:00,170.85927252265486,171.60826110839844,45143500
1155,2023-05-25 00:00:00-04:00,172.1774942175649,172.7567138671875,56058300
1156,2023-05-26 00:00:00-04:00,173.0862804330217,175.19342041015625,54835000
1157,2023-05-30 00:00:00-04:00,176.7213600053285,177.06089782714844,55964400
1158,2023-05-31 00:00:00-04:00,177.09086501462403,177.01097106933594,99625300
1159,2023-06-01 00:00:00-04:00,177.4603610755877,179.84713745117188,68901800
1160,2023-06-02 00:00:00-04:00,180.78587233883144,180.7059783935547,61945900
1161,2023-06-05 00:00:00-04:00,182.38371956627464,179.33782958984375,121946500
1162,2023-06-06 00:00:00-04:00,179.72730764994537,178.9683380126953,64848400
1163,2023-06-07 00:00:00-04:00,178.1993591903379,177.5802001953125,61944600
1164,2023-06-08 00:00:00-04:00,177.66007963684837,180.3264923095703,50214900
1165,2023-06-09 00:00:00-04:00,181.2552379779913,180.71597290039065,48870700
1166,2023-06-12 00:00:00-04:00,181.025554072546,183.54214477539065,54274900
1167,2023-06-13 00:00:00-04:00,182.55348317700447,183.0627899169922,54929100
1168,2023-06-14 00:00:00-04:00,183.12271513340767,183.70193481445312,57462900
1169,2023-06-15 00:00:00-04:00,183.71193194142057,185.7591552734375,65433200
1170,2023-06-16 00:00:00-04:00,186.4781804605333,184.67062377929688,101235600
1171,2023-06-20 00:00:00-04:00,184.16131632379705,184.760498046875,49799100
1172,2023-06-21 00:00:00-04:00,184.6506488937692,183.71192932128903,49515700
1173,2023-06-22 00:00:00-04:00,183.49221980695384,186.7478179931641,51245300
1174,2023-06-23 00:00:00-04:00,185.29977218365863,186.42823791503903,53079300
1175,2023-06-26 00:00:00-04:00,186.57805067120455,185.0201568603516,48088700
1176,2023-06-27 00:00:00-04:00,185.6393095002511,187.80638122558597,50730800
1177,2023-06-28 00:00:00-04:00,187.67655430359167,188.99478149414065,51216800
1178,2023-06-29 00:00:00-04:00,188.8250133272047,189.33432006835935,46347300
1179,2023-06-30 00:00:00-04:00,191.3715791022869,193.7084197998047,85069600
1180,2023-07-03 00:00:00-04:00,193.5186819964897,192.20046997070312,31458200
1181,2023-07-05 00:00:00-04:00,191.3116575316673,191.0719757080078,46920300
1182,2023-07-06 00:00:00-04:00,189.58398600748745,191.55133056640625,45094300
1183,2023-07-07 00:00:00-04:00,191.15187809400885,190.4228515625,46778000
1184,2023-07-10 00:00:00-04:00,189.00476920703125,188.35565185546875,59922200
1185,2023-07-11 00:00:00-04:00,188.90491565505891,187.8263702392578,46638100
1186,2023-07-12 00:00:00-04:00,189.42419365364324,189.5140838623047,60750200
1187,2023-07-13 00:00:00-04:00,190.24309592624596,190.2830352783203,41342300
1188,2023-07-14 00:00:00-04:00,189.97345970082588,190.43284606933597,41573900
1189,2023-07-17 00:00:00-04:00,191.64120051550955,193.7283935546875,50520200
1190,2023-07-18 00:00:00-04:00,193.08925756474932,193.4687347412109,48353800
1191,2023-07-19 00:00:00-04:00,192.8395959568793,194.8368988037109,80507300
1192,2023-07-20 00:00:00-04:00,194.82690085187127,192.8695526123047,59581200
1193,2023-07-21 00:00:00-04:00,193.83825845755916,191.68116760253903,71917800
1194,2023-07-24 00:00:00-04:00,193.14918014091884,192.4900665283203,45377800
1195,2023-07-25 00:00:00-04:00,193.06928450628936,193.35888671875,37283200
1196,2023-07-26 00:00:00-04:00,193.40881890786576,194.2377014160156,47471900
1197,2023-07-27 00:00:00-04:00,195.7556538787222,192.9594268798828,47460200
1198,2023-07-28 00:00:00-04:00,194.40747861366464,195.56591796875,48291400
1199,2023-07-31 00:00:00-04:00,195.7956003974655,196.18507385253903,38824100
1200,2023-08-01 00:00:00-04:00,195.9753619416296,195.34620666503903,35175100
1201,2023-08-02 00:00:00-04:00,194.7769712642308,192.3202972412109,50389300
1202,2023-08-03 00:00:00-04:00,191.3116706612488,190.9122009277344,61235200
1203,2023-08-04 00:00:00-04:00,185.2698215343424,181.7445831298828,115799700
1204,2023-08-07 00:00:00-04:00,181.88438582414773,178.6088104248047,97576100
1205,2023-08-08 00:00:00-04:00,179.44767337070667,179.55752563476562,67823000
1206,2023-08-09 00:00:00-04:00,180.6260856437818,177.94970703125,60378500
1207,2023-08-10 00:00:00-04:00,179.23795389693723,177.72999572753906,54686900
1208,2023-08-11 00:00:00-04:00,177.32000732421875,177.7899932861328,51988100
1209,2023-08-14 00:00:00-04:00,177.97000122070312,179.4600067138672,43675600
1210,2023-08-15 00:00:00-04:00,178.8800048828125,177.4499969482422,43622600
1211,2023-08-16 00:00:00-04:00,177.1300048828125,176.57000732421875,46964900
1212,2023-08-17 00:00:00-04:00,177.13999938964844,174.0,66062900
1213,2023-08-18 00:00:00-04:00,172.3000030517578,174.49000549316406,61114200
1214,2023-08-21 00:00:00-04:00,175.07000732421875,175.83999633789062,46311900
1215,2023-08-22 00:00:00-04:00,177.05999755859375,177.22999572753906,42084200
1216,2023-08-23 00:00:00-04:00,178.52000427246094,181.1199951171875,52722800
1217,2023-08-24 00:00:00-04:00,180.6699981689453,176.3800048828125,54945800
1218,2023-08-25 00:00:00-04:00,177.3800048828125,178.61000061035156,51449600
1219,2023-08-28 00:00:00-04:00,180.08999633789062,180.19000244140625,43820700
1220,2023-08-29 00:00:00-04:00,179.6999969482422,184.1199951171875,53003900
1221,2023-08-30 00:00:00-04:00,184.94000244140625,187.6499938964844,60813900
1222,2023-08-31 00:00:00-04:00,187.83999633789065,187.8699951171875,60794500
1223,2023-09-01 00:00:00-04:00,189.4900054931641,189.4600067138672,45732600
1224,2023-09-05 00:00:00-04:00,188.27999877929688,189.6999969482422,45280000
1225,2023-09-06 00:00:00-04:00,188.3999938964844,182.91000366210935,81755800
1226,2023-09-07 00:00:00-04:00,175.17999267578125,177.55999755859375,112488800
1227,2023-09-08 00:00:00-04:00,178.35000610351562,178.17999267578125,65551300
1228,2023-09-11 00:00:00-04:00,180.07000732421875,179.36000061035156,58953100
1229,2023-09-12 00:00:00-04:00,179.49000549316406,176.3000030517578,90370200
1230,2023-09-13 00:00:00-04:00,176.50999450683594,174.2100067138672,84267900
1231,2023-09-14 00:00:00-04:00,174.0,175.74000549316406,60895800
1232,2023-09-15 00:00:00-04:00,176.47999572753906,175.00999450683594,109205100
1233,2023-09-18 00:00:00-04:00,176.47999572753906,177.97000122070312,67257600
1234,2023-09-19 00:00:00-04:00,177.52000427246094,179.07000732421875,51826900
1235,2023-09-20 00:00:00-04:00,179.25999450683594,175.49000549316406,58436200
1236,2023-09-21 00:00:00-04:00,174.5500030517578,173.92999267578125,63047900
1237,2023-09-22 00:00:00-04:00,174.6699981689453,174.7899932861328,56725400
1238,2023-09-25 00:00:00-04:00,174.1999969482422,176.0800018310547,46172700
1239,2023-09-26 00:00:00-04:00,174.82000732421875,171.9600067138672,64588900
1240,2023-09-27 00:00:00-04:00,172.6199951171875,170.42999267578125,66921800
1241,2023-09-28 00:00:00-04:00,169.33999633789062,170.69000244140625,56294400
1242,2023-09-29 00:00:00-04:00,172.02000427246094,171.2100067138672,51814200
1243,2023-10-02 00:00:00-04:00,171.22000122070312,173.75,52164500
1244,2023-10-03 00:00:00-04:00,172.25999450683594,172.39999389648438,49594600
1245,2023-10-04 00:00:00-04:00,171.08999633789062,173.66000366210938,53020300
1246,2023-10-05 00:00:00-04:00,173.7899932861328,174.91000366210938,48527900
1247,2023-10-06 00:00:00-04:00,173.8000030517578,177.49000549316406,57224100
1248,2023-10-09 00:00:00-04:00,176.80999755859375,178.99000549316406,42390800
1249,2023-10-10 00:00:00-04:00,178.10000610351562,178.38999938964844,43698000
1250,2023-10-11 00:00:00-04:00,178.1999969482422,179.8000030517578,47551100
1251,2023-10-12 00:00:00-04:00,180.07000732421875,180.7100067138672,56743100
1252,2023-10-13 00:00:00-04:00,181.4199981689453,178.85000610351562,51427100
1253,2023-10-16 00:00:00-04:00,176.75,178.72000122070312,52517000
1254,2023-10-17 00:00:00-04:00,176.64999389648438,177.14999389648438,57549400
1255,2023-10-18 00:00:00-04:00,175.5800018310547,175.83999633789062,54764400
1256,2023-10-19 00:00:00-04:00,176.0399932861328,175.4600067138672,59302900
1257,2023-10-20 00:00:00-04:00,175.30999755859375,172.8800048828125,59967057
